id,country,male,female,all,year
1,AUS,1,0,1,1896
1,AUT,3,0,3,1896
1,BUL,1,0,1,1896
1,DEN,3,0,3,1896
1,FRA,12,0,12,1896
1,GBR,10,0,10,1896
1,GER,19,0,19,1896
1,GRE,102,0,102,1896
1,HUN,7,0,7,1896
1,ITA,1,0,1,1896
1,SUI,2,0,2,1896
1,SWE,1,0,1,1896
1,USA,14,0,14,1896
2,ARG,1,0,1,1900
2,AUS,1,0,1,1900
2,AUT,15,0,15,1900
2,BEL,67,0,67,1900
2,BOH,6,1,7,1900
2,CUB,1,0,1,1900
2,DEN,13,0,13,1900
2,ESP,9,0,9,1900
2,FRA,742,15,757,1900
2,GBR,95,1,96,1900
2,GER,76,0,76,1900
2,GRE,2,0,2,1900
2,HAI,2,0,2,1900
2,HUN,19,0,19,1900
2,IND,1,0,1,1900
2,IRI,1,0,1,1900
2,ITA,22,1,23,1900
2,MEX,3,0,3,1900
2,NED,34,0,34,1900
2,NOR,7,0,7,1900
2,PER,1,0,1,1900
2,ROU,1,0,1,1900
2,RUS,4,0,4,1900
2,SUI,17,2,19,1900
2,SWE,10,0,10,1900
2,UNK,1,0,1,1900
2,USA,66,4,70,1900
3,AUS,1,0,1,1904
3,CAN,54,0,54,1904
3,CUB,3,0,3,1904
3,GBR,4,0,4,1904
3,GER,18,0,18,1904
3,GRE,14,0,14,1904
3,HUN,4,0,4,1904
3,ITA,1,0,1,1904
3,RSA,8,0,8,1904
3,USA,537,6,543,1904
4,AUS,4,0,4,1908
4,AUT,31,0,31,1908
4,BEL,17,0,17,1908
4,BOH,13,0,13,1908
4,CAN,3,0,3,1908
4,CRT,8,0,8,1908
4,DEN,49,0,49,1908
4,EGY,2,0,2,1908
4,FIN,4,0,4,1908
4,FRA,53,1,54,1908
4,GBR,40,0,40,1908
4,GER,49,0,49,1908
4,GRE,318,5,323,1908
4,HUN,35,0,35,1908
4,ITA,76,0,76,1908
4,NED,16,0,16,1908
4,NOR,32,0,32,1908
4,SUI,9,0,9,1908
4,SWE,39,0,39,1908
4,TUR,1,0,1,1908
4,USA,38,0,38,1908
6,ANZ,23,2,25,1912
6,AUT,79,6,85,1912
6,BEL,34,1,35,1912
6,BOH,43,0,43,1912
6,CAN,37,0,37,1912
6,CHI,14,0,14,1912
6,DEN,151,1,152,1912
6,FIN,162,2,164,1912
6,FRA,119,1,120,1912
6,GBR,263,0,263,1912
6,GER,180,5,185,1912
6,GRE,22,0,22,1912
6,HUN,119,0,119,1912
6,ISL,2,0,2,1912
6,ITA,66,0,66,1912
6,JPN,2,0,2,1912
6,LUX,21,0,21,1912
6,NED,33,0,33,1912
6,NOR,188,2,190,1912
6,POL,1,0,1,1912
6,POR,6,0,6,1912
6,RSA,21,0,21,1912
6,RUS,159,0,159,1912
6,SRB,2,0,2,1912
6,SUI,8,0,8,1912
6,SWE,422,23,445,1912
6,TUR,2,0,2,1912
6,UNK,2,0,2,1912
6,USA,174,0,174,1912
7,ARG,1,0,1,1920
7,AUS,12,1,13,1920
7,BEL,328,10,338,1920
7,BRA,19,0,19,1920
7,CAN,55,0,55,1920
7,CHI,2,0,2,1920
7,DEN,150,4,154,1920
7,EGY,18,0,18,1920
7,ESP,58,0,58,1920
7,EST,14,0,14,1920
7,FIN,62,1,63,1920
7,FRA,291,8,299,1920
7,GBR,219,16,235,1920
7,GRE,47,0,47,1920
7,IND,5,0,5,1920
7,ITA,173,1,174,1920
7,JPN,15,0,15,1920
7,LUX,25,0,25,1920
7,MON,4,0,4,1920
7,NED,129,1,130,1920
7,NOR,188,6,194,1920
7,NZL,3,1,4,1920
7,POR,13,0,13,1920
7,RSA,38,1,39,1920
7,SUI,79,0,79,1920
7,SWE,247,13,260,1920
7,TCH,118,1,119,1920
7,USA,274,14,288,1920
7,YUG,15,0,15,1920
8,ARG,77,0,77,1924
8,AUS,35,1,36,1924
8,AUT,46,3,49,1924
8,BEL,166,7,173,1924
8,BRA,12,0,12,1924
8,BUL,24,0,24,1924
8,CAN,65,0,65,1924
8,CHI,13,0,13,1924
8,CUB,9,0,9,1924
8,DEN,77,12,89,1924
8,ECU,3,0,3,1924
8,EGY,24,0,24,1924
8,ESP,93,2,95,1924
8,EST,37,0,37,1924
8,FIN,121,0,121,1924
8,FRA,368,32,400,1924
8,GBR,239,28,267,1924
8,GRE,38,1,39,1924
8,HAI,8,0,8,1924
8,HUN,86,3,89,1924
8,IND,12,1,13,1924
8,IRL,46,2,48,1924
8,ITA,196,4,200,1924
8,JPN,19,0,19,1924
8,LAT,36,0,36,1924
8,LTU,13,0,13,1924
8,LUX,46,2,48,1924
8,MEX,15,0,15,1924
8,MON,7,0,7,1924
8,NED,169,9,178,1924
8,NOR,60,2,62,1924
8,NZL,3,1,4,1924
8,PHI,1,0,1,1924
8,POL,64,1,65,1924
8,POR,28,0,28,1924
8,ROU,35,0,35,1924
8,RSA,30,0,30,1924
8,RUS,2,1,3,1924
8,SUI,136,5,141,1924
8,SWE,146,13,159,1924
8,TCH,129,4,133,1924
8,TUR,22,0,22,1924
8,URU,26,0,26,1924
8,USA,275,24,299,1924
8,YUG,42,0,42,1924
9,ARG,81,0,81,1928
9,AUS,14,4,18,1928
9,AUT,67,6,73,1928
9,BEL,175,12,187,1928
9,BUL,5,0,5,1928
9,CAN,61,7,68,1928
9,CHI,38,0,38,1928
9,CUB,1,0,1,1928
9,DEN,82,9,91,1928
9,EGY,32,0,32,1928
9,ESP,80,0,80,1928
9,EST,20,0,20,1928
9,FIN,67,2,69,1928
9,FRA,257,37,294,1928
9,GBR,201,31,232,1928
9,GER,263,35,298,1928
9,GRE,23,0,23,1928
9,HAI,2,0,2,1928
9,HUN,93,16,109,1928
9,IND,21,0,21,1928
9,IRL,33,5,38,1928
9,ITA,156,18,174,1928
9,JPN,39,1,40,1928
9,LAT,15,2,17,1928
9,LTU,11,1,12,1928
9,LUX,46,2,48,1928
9,MEX,30,0,30,1928
9,MLT,9,0,9,1928
9,MON,10,0,10,1928
9,NED,222,44,266,1928
9,NOR,52,0,52,1928
9,NZL,6,3,9,1928
9,PAN,1,0,1,1928
9,PHI,4,0,4,1928
9,POL,88,12,100,1928
9,POR,32,0,32,1928
9,ROU,19,2,21,1928
9,RSA,18,6,24,1928
9,SUI,132,1,133,1928
9,SWE,87,13,100,1928
9,TCH,68,1,69,1928
9,TUR,31,0,31,1928
9,URU,17,0,17,1928
9,USA,237,44,281,1928
9,YUG,34,0,34,1928
9,ZIM,2,0,2,1928
10,ARG,33,0,33,1932
10,AUS,8,4,12,1932
10,AUT,16,2,18,1932
10,BEL,29,7,36,1932
10,BRA,58,1,59,1932
10,BUL,2,0,2,1932
10,CAN,85,17,102,1932
10,CHN,1,0,1,1932
10,COL,2,0,2,1932
10,CUB,3,0,3,1932
10,DEN,35,8,43,1932
10,ESA,1,0,1,1932
10,ESP,7,0,7,1932
10,EST,2,0,2,1932
10,FIN,40,0,40,1932
10,FRA,97,6,103,1932
10,GBR,92,17,109,1932
10,GER,137,9,146,1932
10,GRE,10,0,10,1932
10,GUA,0,1,1,1932
10,HAI,3,0,3,1932
10,HUN,56,2,58,1932
10,IND,19,0,19,1932
10,IRL,14,2,16,1932
10,ITA,112,0,112,1932
10,JPN,140,17,157,1932
10,LAT,5,0,5,1932
10,LUX,3,0,3,1932
10,MEX,71,2,73,1932
10,MON,1,0,1,1932
10,NED,29,15,44,1932
10,NOR,6,1,7,1932
10,NZL,20,1,21,1932
10,PER,2,0,2,1932
10,PHI,8,0,8,1932
10,POL,42,9,51,1932
10,POR,6,0,6,1932
10,ROU,1,0,1,1932
10,RSA,10,2,12,1932
10,SUI,7,0,7,1932
10,SWE,78,3,81,1932
10,TCH,28,0,28,1932
10,TUR,1,0,1,1932
10,URU,2,0,2,1932
10,USA,400,74,474,1932
10,VEN,1,0,1,1932
10,YUG,1,0,1,1932
11,AFG,15,0,15,1936
11,ARG,50,1,51,1936
11,AUS,28,4,32,1936
11,AUT,217,17,234,1936
11,BEL,145,5,150,1936
11,BER,5,0,5,1936
11,BOL,2,0,2,1936
11,BRA,67,6,73,1936
11,BUL,26,0,26,1936
11,CAN,79,18,97,1936
11,CHI,39,1,40,1936
11,CHN,52,2,54,1936
11,COL,5,0,5,1936
11,CRC,1,0,1,1936
11,DEN,105,16,121,1936
11,EGY,53,0,53,1936
11,EST,33,0,33,1936
11,FIN,103,5,108,1936
11,FRA,190,11,201,1936
11,GBR,171,37,208,1936
11,GER,389,44,433,1936
11,GRE,40,1,41,1936
11,HUN,197,19,216,1936
11,IND,27,0,27,1936
11,ISL,12,0,12,1936
11,ITA,228,16,244,1936
11,JPN,204,16,220,1936
11,LAT,29,0,29,1936
11,LIE,6,0,6,1936
11,LUX,48,1,49,1936
11,MEX,32,0,32,1936
11,MLT,11,0,11,1936
11,MON,8,0,8,1936
11,NED,144,21,165,1936
11,NOR,68,2,70,1936
11,NZL,7,0,7,1936
11,PER,40,0,40,1936
11,PHI,28,0,28,1936
11,POL,127,17,144,1936
11,POR,19,0,19,1936
11,ROU,52,2,54,1936
11,RSA,26,6,32,1936
11,SUI,184,6,190,1936
11,SWE,163,8,171,1936
11,TCH,175,14,189,1936
11,TUR,46,2,48,1936
11,URU,37,0,37,1936
11,USA,313,46,359,1936
11,YUG,78,15,93,1936
12,AFG,25,0,25,1948
12,ARG,189,11,200,1948
12,AUS,66,9,75,1948
12,AUT,117,32,149,1948
12,BEL,132,19,151,1948
12,BER,10,2,12,1948
12,BRA,59,11,70,1948
12,CAN,105,22,127,1948
12,CHI,50,4,54,1948
12,CHN,30,1,31,1948
12,COL,6,0,6,1948
12,CUB,53,0,53,1948
12,DEN,144,18,162,1948
12,EGY,86,0,86,1948
12,ESP,65,0,65,1948
12,FIN,126,6,132,1948
12,FRA,279,37,316,1948
12,GBR,337,70,407,1948
12,GRE,60,1,61,1948
12,GUY,4,0,4,1948
12,HUN,107,21,128,1948
12,IND,79,0,79,1948
12,IRI,36,0,36,1948
12,IRL,76,5,81,1948
12,IRQ,11,0,11,1948
12,ISL,18,3,21,1948
12,ITA,194,21,215,1948
12,JAM,9,4,13,1948
12,KOR,45,1,46,1948
12,LBN,8,0,8,1948
12,LIE,2,0,2,1948
12,LUX,42,3,45,1948
12,MEX,81,7,88,1948
12,MLT,1,0,1,1948
12,MON,4,0,4,1948
12,MYA,4,0,4,1948
12,NED,115,34,149,1948
12,NOR,77,4,81,1948
12,NZL,6,1,7,1948
12,PAK,35,0,35,1948
12,PAN,1,0,1,1948
12,PER,41,0,41,1948
12,PHI,26,0,26,1948
12,POL,31,7,38,1948
12,POR,48,0,48,1948
12,PUR,9,0,9,1948
12,RSA,34,1,35,1948
12,SGP,1,0,1,1948
12,SRI,7,0,7,1948
12,SUI,178,9,187,1948
12,SWE,162,19,181,1948
12,SYR,1,0,1,1948
12,TCH,76,14,90,1948
12,TTO,5,0,5,1948
12,TUR,57,1,58,1948
12,URU,60,1,61,1948
12,USA,262,38,300,1948
12,VEN,1,0,1,1948
12,YUG,79,11,90,1952
13,AHO,11,0,11,1952
13,ARG,115,8,123,1952
13,AUS,71,10,81,1952
13,AUT,91,21,112,1952
13,BAH,7,0,7,1952
13,BEL,130,5,135,1952
13,BER,4,2,6,1952
13,BRA,92,5,97,1952
13,BUL,54,9,63,1952
13,CAN,97,10,107,1952
13,CHI,55,4,59,1952
13,CHN,1,0,1,1952
13,CUB,29,0,29,1952
13,DEN,115,14,129,1952
13,EGY,106,0,106,1952
13,ESP,27,0,27,1952
13,FIN,228,30,258,1952
13,FRA,214,31,245,1952
13,GBR,213,44,257,1952
13,GER,173,32,205,1952
13,GHA,7,0,7,1952
13,GRE,48,0,48,1952
13,GUA,20,1,21,1952
13,GUY,1,0,1,1952
13,HKG,2,2,4,1952
13,HUN,162,27,189,1952
13,INA,3,0,3,1952
13,IND,60,4,64,1952
13,IRI,22,0,22,1952
13,IRL,19,0,19,1952
13,ISL,9,0,9,1952
13,ISR,22,3,25,1952
13,ITA,208,23,231,1952
13,JAM,6,2,8,1952
13,JPN,58,11,69,1952
13,KOR,18,1,19,1952
13,LBN,9,0,9,1952
13,LIE,2,0,2,1952
13,LUX,44,0,44,1952
13,MEX,61,3,64,1952
13,MON,8,0,8,1952
13,MYA,5,0,5,1952
13,NED,78,26,104,1952
13,NGR,9,0,9,1952
13,NOR,96,6,102,1952
13,NZL,12,2,14,1952
13,PAK,38,0,38,1952
13,PAN,1,0,1,1952
13,PHI,25,0,25,1952
13,POL,103,22,125,1952
13,POR,68,3,71,1952
13,PUR,21,0,21,1952
13,ROU,103,11,114,1952
13,RSA,60,4,64,1952
13,SAA,31,5,36,1952
13,SGP,4,1,5,1952
13,SRI,5,0,5,1952
13,SUI,148,9,157,1952
13,SWE,183,23,206,1952
13,TCH,86,13,99,1952
13,THA,8,0,8,1952
13,TTO,2,0,2,1952
13,TUR,51,0,51,1952
13,URS,255,40,295,1952
13,URU,31,1,32,1952
13,USA,245,41,286,1952
13,VEN,36,2,38,1952
13,VNM,8,0,8,1952
13,YUG,77,10,87,1952
14,AFG,12,0,12,1956
14,ARG,27,1,28,1956
14,AUS,250,44,294,1956
14,AUT,24,5,29,1956
14,BAH,4,0,4,1956
14,BEL,51,3,54,1956
14,BER,3,0,3,1956
14,BRA,43,1,44,1956
14,BUL,40,3,43,1956
14,CAN,77,15,92,1956
14,CHI,31,2,33,1956
14,COL,26,0,26,1956
14,CUB,15,1,16,1956
14,DEN,27,4,31,1956
14,ETH,12,0,12,1956
14,FIJ,5,0,5,1956
14,FIN,63,1,64,1956
14,FRA,119,18,137,1956
14,GBR,163,26,189,1956
14,GER,134,24,158,1956
14,GRE,13,0,13,1956
14,GUY,3,1,4,1956
14,HKG,2,0,2,1956
14,HUN,88,20,108,1956
14,INA,20,2,22,1956
14,IND,58,1,59,1956
14,IRI,17,0,17,1956
14,IRL,11,1,12,1956
14,ISL,2,0,2,1956
14,ISR,2,1,3,1956
14,ITA,114,15,129,1956
14,JAM,6,0,6,1956
14,JPN,94,16,110,1956
14,KEN,24,1,25,1956
14,KOR,35,0,35,1956
14,LBR,4,0,4,1956
14,LUX,10,1,11,1956
14,MAL,32,1,33,1956
14,MEX,21,3,24,1956
14,MYA,11,0,11,1956
14,NBO,2,0,2,1956
14,NGR,10,0,10,1956
14,NOR,18,0,18,1956
14,NZL,43,8,51,1956
14,PAK,55,0,55,1956
14,PER,8,0,8,1956
14,PHI,35,4,39,1956
14,POL,49,15,64,1956
14,POR,5,0,5,1956
14,PUR,10,0,10,1956
14,ROU,33,11,44,1956
14,RSA,44,6,50,1956
14,SGP,47,2,49,1956
14,SRI,3,0,3,1956
14,SWE,74,14,88,1956
14,TCH,51,12,63,1956
14,THA,35,0,35,1956
14,TPE,20,0,20,1956
14,TTO,6,0,6,1956
14,TUR,13,0,13,1956
14,UGA,3,0,3,1956
14,URS,233,39,272,1956
14,URU,21,0,21,1956
14,USA,251,46,297,1956
14,VEN,19,0,19,1956
14,VNM,6,0,6,1956
14,YUG,32,3,35,1956
15,AFG,12,0,12,1960
15,AHO,5,0,5,1960
15,ARG,91,1,92,1960
15,AUS,160,29,189,1960
15,AUT,82,21,103,1960
15,BAH,13,0,13,1960
15,BEL,93,8,101,1960
15,BER,9,0,9,1960
15,BRA,70,1,71,1960
15,BUL,89,9,98,1960
15,CAN,74,11,85,1960
15,CHI,8,1,9,1960
15,COL,16,0,16,1960
15,CUB,9,3,12,1960
15,DEN,88,12,100,1960
15,ESP,133,11,144,1960
15,ETH,10,0,10,1960
15,FIJ,2,0,2,1960
15,FIN,107,10,117,1960
15,FRA,210,28,238,1960
15,GBR,206,47,253,1960
15,GER,239,55,294,1960
15,GHA,13,0,13,1960
15,GRE,48,0,48,1960
15,GUY,4,1,5,1960
15,HAI,1,0,1,1960
15,HKG,4,0,4,1960
15,HUN,153,27,180,1960
15,INA,20,2,22,1960
15,IND,45,0,45,1960
15,IRI,23,0,23,1960
15,IRL,47,2,49,1960
15,IRQ,21,0,21,1960
15,ISL,8,1,9,1960
15,ISR,17,6,23,1960
15,ITA,246,34,280,1960
15,JPN,142,20,162,1960
15,KEN,27,0,27,1960
15,KOR,33,2,35,1960
15,LBN,19,0,19,1960
15,LBR,4,0,4,1960
15,LIE,5,0,5,1960
15,LUX,47,5,52,1960
15,MAL,9,0,9,1960
15,MAR,47,0,47,1960
15,MEX,63,6,69,1960
15,MLT,10,0,10,1960
15,MON,11,0,11,1960
15,MYA,10,0,10,1960
15,NED,80,30,110,1960
15,NGR,12,0,12,1960
15,NOR,39,1,40,1960
15,NZL,33,4,37,1960
15,PAK,44,0,44,1960
15,PAN,2,4,6,1960
15,PER,31,0,31,1960
15,PHI,36,4,40,1960
15,POL,156,29,185,1960
15,POR,60,5,65,1960
15,PUR,26,1,27,1960
15,RHO,7,5,12,1960
15,ROU,82,16,98,1960
15,RSA,53,2,55,1960
15,SGP,5,0,5,1960
15,SMR,9,0,9,1960
15,SRI,5,0,5,1960
15,SUD,10,0,10,1960
15,SUI,147,2,149,1960
15,SWE,115,19,134,1960
15,TCH,99,17,116,1960
15,THA,20,0,20,1960
15,TPE,24,3,27,1960
15,TUN,42,0,42,1960
15,TUR,46,3,49,1960
15,UAR,74,0,74,1960
15,UGA,10,0,10,1960
15,URS,233,50,283,1960
15,URU,34,0,34,1960
15,USA,241,51,292,1960
15,VEN,31,5,36,1960
15,VNM,3,0,3,1960
15,WIF,13,0,13,1960
15,YUG,107,9,116,1960
15,ZIM,2,0,2,1960
16,AFG,8,0,8,1964
16,AHO,4,0,4,1964
16,ALG,1,0,1,1964
16,ARG,96,6,102,1964
16,AUS,203,40,243,1964
16,AUT,45,11,56,1964
16,BAH,11,0,11,1964
16,BEL,60,1,61,1964
16,BER,4,0,4,1964
16,BOL,1,0,1,1964
16,BRA,60,1,61,1964
16,BUL,56,7,63,1964
16,CAM,13,0,13,1964
16,CAN,95,20,115,1964
16,CGO,2,0,2,1964
16,CHA,2,0,2,1964
16,CHI,14,0,14,1964
16,CIV,9,0,9,1964
16,CMR,1,0,1,1964
16,COL,20,0,20,1964
16,CRC,2,0,2,1964
16,CUB,25,2,27,1964
16,DEN,53,7,60,1964
16,DOM,1,0,1,1964
16,EGY,73,0,73,1964
16,ESP,48,3,51,1964
16,ETH,12,0,12,1964
16,FIN,84,5,89,1964
16,FRA,118,20,138,1964
16,GBR,160,44,204,1964
16,GER,275,62,337,1964
16,GHA,30,3,33,1964
16,GRE,18,0,18,1964
16,GUY,1,0,1,1964
16,HKG,38,1,39,1964
16,HUN,150,32,182,1964
16,IND,52,1,53,1964
16,IRI,58,4,62,1964
16,IRL,24,1,25,1964
16,IRQ,13,0,13,1964
16,ISL,3,1,4,1964
16,ISR,8,2,10,1964
16,ITA,157,11,168,1964
16,JAM,17,4,21,1964
16,JPN,270,58,328,1964
16,KEN,37,0,37,1964
16,KOR,128,26,154,1964
16,LBN,5,0,5,1964
16,LBR,1,0,1,1964
16,LIE,2,0,2,1964
16,LUX,10,2,12,1964
16,MAD,3,0,3,1964
16,MAR,20,0,20,1964
16,MAS,57,4,61,1964
16,MEX,90,4,94,1964
16,MGL,17,4,21,1964
16,MLI,2,0,2,1964
16,MON,1,0,1,1964
16,MYA,11,0,11,1964
16,NED,105,20,125,1964
16,NEP,6,0,6,1964
16,NGR,16,2,18,1964
16,NIG,1,0,1,1964
16,NOR,24,2,26,1964
16,NZL,56,8,64,1964
16,PAK,41,0,41,1964
16,PAN,6,4,10,1964
16,PER,30,1,31,1964
16,PHI,40,7,47,1964
16,POL,115,25,140,1964
16,POR,19,1,20,1964
16,PUR,30,2,32,1964
16,ROU,108,30,138,1964
16,SEN,12,0,12,1964
16,SRI,6,0,6,1964
16,SUI,65,1,66,1964
16,SWE,76,18,94,1964
16,TAN,4,0,4,1964
16,TCH,95,9,104,1964
16,THA,47,7,54,1964
16,TPE,37,3,40,1964
16,TTO,13,0,13,1964
16,TUN,9,0,9,1964
16,TUR,23,0,23,1964
16,UGA,11,2,13,1964
16,URS,254,63,317,1964
16,URU,23,0,23,1964
16,USA,267,79,346,1964
16,VEN,15,1,16,1964
16,VNM,16,0,16,1964
16,YUG,72,3,75,1964
16,ZAM,11,1,12,1964
16,ZIM,25,4,29,1964
17,AFG,5,0,5,1968
17,AHO,3,2,5,1968
17,ALG,3,0,3,1968
17,ARG,84,5,89,1968
17,AUS,104,24,128,1968
17,AUT,35,8,43,1968
17,BAH,16,0,16,1968
17,BAR,9,0,9,1968
17,BEL,77,5,82,1968
17,BER,6,0,6,1968
17,BIZ,7,0,7,1968
17,BOL,4,0,4,1968
17,BRA,73,3,76,1968
17,BUL,102,10,112,1968
17,CAF,1,0,1,1968
17,CAN,111,28,139,1968
17,CHA,3,0,3,1968
17,CHI,19,2,21,1968
17,CIV,10,0,10,1968
17,CMR,5,0,5,1968
17,COD,5,0,5,1968
17,COL,38,5,43,1968
17,CRC,17,1,18,1968
17,CUB,101,14,115,1968
17,DEN,60,4,64,1968
17,DOM,18,0,18,1968
17,ECU,14,1,15,1968
17,EGY,30,0,30,1968
17,ESA,52,8,60,1968
17,ESP,120,2,122,1968
17,ETH,18,0,18,1968
17,FIJ,1,0,1,1968
17,FIN,60,6,66,1968
17,FRA,169,31,200,1968
17,FRG,232,43,275,1968
17,GBR,175,50,225,1968
17,GDR,186,40,226,1968
17,GHA,30,1,31,1968
17,GRE,44,0,44,1968
17,GUA,47,1,48,1968
17,GUI,15,0,15,1968
17,GUY,5,0,5,1968
17,HKG,11,0,11,1968
17,HON,6,0,6,1968
17,HUN,135,32,167,1968
17,INA,6,0,6,1968
17,IND,25,0,25,1968
17,IRI,14,0,14,1968
17,IRL,25,6,31,1968
17,IRQ,3,0,3,1968
17,ISL,6,2,8,1968
17,ISR,26,3,29,1968
17,ISV,6,0,6,1968
17,ITA,152,15,167,1968
17,JAM,20,5,25,1968
17,JPN,146,25,171,1968
17,KEN,36,3,39,1968
17,KOR,41,13,54,1968
17,KUW,2,0,2,1968
17,LBA,1,0,1,1968
17,LBN,11,0,11,1968
17,LIE,2,0,2,1968
17,LUX,3,2,5,1968
17,MAD,4,0,4,1968
17,MAR,25,0,25,1968
17,MAS,31,0,31,1968
17,MEX,233,42,275,1968
17,MGL,12,4,16,1968
17,MLI,2,0,2,1968
17,MLT,1,0,1,1968
17,MON,2,0,2,1968
17,MYA,4,0,4,1968
17,NCA,11,0,11,1968
17,NED,82,25,107,1968
17,NGR,31,5,36,1968
17,NIG,2,0,2,1968
17,NOR,38,8,46,1968
17,NZL,47,5,52,1968
17,PAK,15,0,15,1968
17,PAN,16,0,16,1968
17,PAR,1,0,1,1968
17,PER,16,12,28,1968
17,PHI,45,4,49,1968
17,POL,140,37,177,1968
17,POR,19,1,20,1968
17,PUR,54,4,58,1968
17,ROU,66,16,82,1968
17,SEN,21,0,21,1968
17,SGP,4,0,4,1968
17,SLE,3,0,3,1968
17,SMR,4,0,4,1968
17,SRI,3,0,3,1968
17,SUD,5,0,5,1968
17,SUI,81,4,85,1968
17,SUR,1,0,1,1968
17,SWE,86,14,100,1968
17,SYR,2,0,2,1968
17,TAN,4,0,4,1968
17,TCH,94,27,121,1968
17,THA,41,0,41,1968
17,TPE,35,8,43,1968
17,TTO,19,0,19,1968
17,TUN,7,0,7,1968
17,TUR,29,0,29,1968
17,UGA,11,0,11,1968
17,URS,246,66,312,1968
17,URU,21,6,27,1968
17,USA,274,83,357,1968
17,VEN,23,0,23,1968
17,VNM,7,2,9,1968
17,YUG,59,10,69,1968
17,ZAM,7,0,7,1968
18,AFG,8,0,8,1972
18,AHO,2,0,2,1972
18,ALB,4,1,5,1972
18,ALG,5,0,5,1972
18,ARG,88,4,92,1972
18,AUS,139,29,168,1972
18,AUT,97,14,111,1972
18,BAH,19,1,20,1972
18,BAR,8,5,13,1972
18,BEL,82,6,88,1972
18,BEN,3,0,3,1972
18,BER,9,0,9,1972
18,BIZ,1,0,1,1972
18,BOL,11,0,11,1972
18,BRA,78,3,81,1972
18,BUL,106,24,130,1972
18,BUR,1,0,1,1972
18,CAM,8,1,9,1972
18,CAN,158,50,208,1972
18,CGO,6,0,6,1972
18,CHA,4,0,4,1972
18,CHI,9,2,11,1972
18,CIV,11,0,11,1972
18,CMR,11,0,11,1972
18,COL,55,4,59,1972
18,CRC,3,0,3,1972
18,CUB,109,28,137,1972
18,DEN,114,12,126,1972
18,DOM,5,0,5,1972
18,ECU,2,0,2,1972
18,EGY,23,0,23,1972
18,ESA,11,0,11,1972
18,ESP,118,5,123,1972
18,ETH,31,0,31,1972
18,FIJ,2,0,2,1972
18,FIN,89,7,96,1972
18,FRA,197,30,227,1972
18,FRG,341,83,424,1972
18,GAB,1,0,1,1972
18,GBR,210,74,284,1972
18,GDR,231,66,297,1972
18,GHA,33,2,35,1972
18,GRE,58,2,60,1972
18,GUA,8,0,8,1972
18,GUY,3,0,3,1972
18,HAI,6,1,7,1972
18,HKG,10,0,10,1972
18,HUN,187,45,232,1972
18,INA,3,3,6,1972
18,IND,40,1,41,1972
18,IRI,48,0,48,1972
18,IRL,51,8,59,1972
18,ISL,24,1,25,1972
18,ISR,12,2,14,1972
18,ISV,16,0,16,1972
18,ITA,197,27,224,1972
18,JAM,21,12,33,1972
18,JPN,148,36,184,1972
18,KEN,55,2,57,1972
18,KOR,32,10,42,1972
18,KSA,10,0,10,1972
18,KUW,4,0,4,1972
18,LBN,17,2,19,1972
18,LBR,5,0,5,1972
18,LES,1,0,1,1972
18,LIE,6,0,6,1972
18,LUX,10,1,11,1972
18,MAD,11,0,11,1972
18,MAR,33,2,35,1972
18,MAS,42,3,45,1972
18,MAW,13,3,16,1972
18,MEX,152,22,174,1972
18,MGL,37,2,39,1972
18,MLI,3,0,3,1972
18,MLT,5,0,5,1972
18,MON,5,0,5,1972
18,MYA,18,0,18,1972
18,NCA,7,1,8,1972
18,NED,90,29,119,1972
18,NEP,2,0,2,1972
18,NGR,20,5,25,1972
18,NIG,4,0,4,1972
18,NOR,101,11,112,1972
18,NZL,82,7,89,1972
18,PAK,25,0,25,1972
18,PAN,7,0,7,1972
18,PAR,3,0,3,1972
18,PER,17,3,20,1972
18,PHI,48,5,53,1972
18,POL,252,38,290,1972
18,POR,29,0,29,1972
18,PRK,23,14,37,1972
18,PUR,53,0,53,1972
18,ROU,132,27,159,1972
18,SEN,38,0,38,1972
18,SGP,5,2,7,1972
18,SMR,7,0,7,1972
18,SOM,3,0,3,1972
18,SRI,4,0,4,1972
18,SUD,26,0,26,1972
18,SUI,122,29,151,1972
18,SUR,2,0,2,1972
18,SWE,104,27,131,1972
18,SWZ,2,0,2,1972
18,SYR,4,1,5,1972
18,TAN,15,0,15,1972
18,TCH,145,36,181,1972
18,THA,33,0,33,1972
18,TOG,7,0,7,1972
18,TPE,15,6,21,1972
18,TTO,18,1,19,1972
18,TUN,35,0,35,1972
18,TUR,42,1,43,1972
18,UGA,31,2,33,1972
18,URS,298,73,371,1972
18,URU,10,3,13,1972
18,USA,316,84,400,1972
18,VEN,20,3,23,1972
18,VNM,1,1,2,1972
18,YUG,113,13,126,1972
18,ZAM,8,3,11,1972
19,AHO,4,0,4,1976
19,AND,3,0,3,1976
19,ANT,10,0,10,1976
19,ARG,65,4,69,1976
19,AUS,146,34,180,1976
19,AUT,54,6,60,1976
19,BAH,10,1,11,1976
19,BAR,9,2,11,1976
19,BEL,75,26,101,1976
19,BER,15,1,16,1976
19,BIZ,4,0,4,1976
19,BOL,4,0,4,1976
19,BRA,72,7,79,1976
19,BUL,105,53,158,1976
19,CAN,261,124,385,1976
19,CAY,2,0,2,1976
19,CHI,7,0,7,1976
19,CIV,7,1,8,1976
19,CMR,4,0,4,1976
19,COL,32,3,35,1976
19,CRC,4,1,5,1976
19,CUB,132,24,156,1976
19,DEN,56,10,66,1976
19,DOM,9,1,10,1976
19,ECU,5,0,5,1976
19,EGY,26,0,26,1976
19,ESP,103,10,113,1976
19,FIJ,1,1,2,1976
19,FIN,77,6,83,1976
19,FRA,177,29,206,1976
19,FRG,233,57,290,1976
19,GBR,176,66,242,1976
19,GDR,154,113,267,1976
19,GRE,34,2,36,1976
19,GUA,26,2,28,1976
19,HAI,10,3,13,1976
19,HKG,23,2,25,1976
19,HON,3,0,3,1976
19,HUN,124,54,178,1976
19,INA,5,2,7,1976
19,IND,26,0,26,1976
19,IRI,80,4,84,1976
19,IRL,41,3,44,1976
19,ISL,9,4,13,1976
19,ISR,24,2,26,1976
19,ISV,19,2,21,1976
19,ITA,183,27,210,1976
19,JAM,11,9,20,1976
19,JPN,153,60,213,1976
19,KOR,38,12,50,1976
19,KSA,14,0,14,1976
19,KUW,15,0,15,1976
19,LBN,3,0,3,1976
19,LIE,4,2,6,1976
19,LUX,8,0,8,1976
19,MAR,9,0,9,1976
19,MAS,23,0,23,1976
19,MEX,92,5,97,1976
19,MGL,30,2,32,1976
19,MON,8,0,8,1976
19,NCA,15,0,15,1976
19,NED,72,36,108,1976
19,NEP,1,0,1,1976
19,NOR,60,6,66,1976
19,NZL,71,9,80,1976
19,PAK,24,0,24,1976
19,PAN,7,1,8,1976
19,PAR,4,0,4,1976
19,PER,0,13,13,1976
19,PHI,13,1,14,1976
19,PNG,6,0,6,1976
19,POL,180,27,207,1976
19,POR,19,0,19,1976
19,PRK,36,2,38,1976
19,PUR,73,7,80,1976
19,ROU,103,54,157,1976
19,SEN,19,2,21,1976
19,SGP,3,1,4,1976
19,SMR,8,2,10,1976
19,SUI,47,3,50,1976
19,SUR,3,0,3,1976
19,SWE,99,17,116,1976
19,TCH,125,38,163,1976
19,THA,39,3,42,1976
19,TTO,13,0,13,1976
19,TUN,14,1,15,1976
19,TUR,26,1,27,1976
19,URS,285,125,410,1976
19,URU,7,2,9,1976
19,USA,278,118,396,1976
19,VEN,23,9,32,1976
19,YUG,83,5,88,1976
20,AFG,11,0,11,1980
20,ALG,54,0,54,1980
20,AND,2,0,2,1980
20,ANG,10,1,11,1980
20,AUS,92,28,120,1980
20,AUT,64,19,83,1980
20,BEL,43,16,59,1980
20,BEN,15,1,16,1980
20,BOT,7,0,7,1980
20,BRA,91,15,106,1980
20,BUL,183,88,271,1980
20,CGO,9,14,23,1980
20,CMR,22,3,25,1980
20,COL,23,0,23,1980
20,CRC,28,1,29,1980
20,CUB,174,33,207,1980
20,CYP,12,2,14,1980
20,DEN,55,3,58,1980
20,DOM,5,1,6,1980
20,ECU,11,1,12,1980
20,ESP,146,9,155,1980
20,ETH,39,2,41,1980
20,FIN,99,6,105,1980
20,FRA,98,23,121,1980
20,GBR,149,70,219,1980
20,GDR,222,124,346,1980
20,GRE,38,3,41,1980
20,GUA,10,0,10,1980
20,GUI,9,0,9,1980
20,GUY,7,1,8,1980
20,HUN,182,81,263,1980
20,IND,56,16,72,1980
20,IRL,44,3,47,1980
20,IRQ,43,0,43,1980
20,ISL,9,0,9,1980
20,ITA,121,38,159,1980
20,JAM,11,7,18,1980
20,JOR,4,0,4,1980
20,KUW,56,0,56,1980
20,LAO,17,2,19,1980
20,LBA,27,2,29,1980
20,LBN,15,0,15,1980
20,LES,5,0,5,1980
20,LUX,3,0,3,1980
20,MAD,8,3,11,1980
20,MEX,36,9,45,1980
20,MGL,39,4,43,1980
20,MLI,6,1,7,1980
20,MLT,7,1,8,1980
20,MOZ,12,2,14,1980
20,MYA,2,0,2,1980
20,NCA,3,2,5,1980
20,NED,57,18,75,1980
20,NEP,10,0,10,1980
20,NGR,38,6,44,1980
20,NZL,4,0,4,1980
20,PER,14,14,28,1980
20,POL,232,74,306,1980
20,POR,10,1,11,1980
20,PRK,39,8,47,1980
20,PUR,3,0,3,1980
20,ROU,156,70,226,1980
20,SEN,30,2,32,1980
20,SEY,9,2,11,1980
20,SLE,12,2,14,1980
20,SMR,16,0,16,1980
20,SRI,4,0,4,1980
20,SUI,67,6,73,1980
20,SWE,122,23,145,1980
20,SYR,65,2,67,1980
20,TAN,36,5,41,1980
20,TCH,161,47,208,1980
20,TTO,9,0,9,1980
20,UGA,13,0,13,1980
20,URS,340,149,489,1980
20,VEN,37,0,37,1980
20,VIE,22,8,30,1980
20,YUG,136,28,164,1980
20,ZAM,37,0,37,1980
20,ZIM,23,19,42,1980
21,AHO,3,5,8,1984
21,ALG,33,0,33,1984
21,AND,2,0,2,1984
21,ANT,10,4,14,1984
21,ARG,71,10,81,1984
21,AUS,169,73,242,1984
21,AUT,72,31,103,1984
21,BAH,17,5,22,1984
21,BAN,1,0,1,1984
21,BAR,13,3,16,1984
21,BEL,47,16,63,1984
21,BEN,3,0,3,1984
21,BER,11,1,12,1984
21,BHU,3,3,6,1984
21,BIZ,11,0,11,1984
21,BOL,10,1,11,1984
21,BOT,7,0,7,1984
21,BRA,126,21,147,1984
21,BRN,10,0,10,1984
21,CAF,3,0,3,1984
21,CAN,257,151,408,1984
21,CAY,7,1,8,1984
21,CGO,8,1,9,1984
21,CHA,3,0,3,1984
21,CHI,50,2,52,1984
21,CHN,132,83,215,1984
21,CIV,14,1,15,1984
21,CMR,42,4,46,1984
21,COD,7,1,8,1984
21,COL,36,3,39,1984
21,CRC,27,1,28,1984
21,CYP,10,0,10,1984
21,DEN,49,11,60,1984
21,DJI,3,0,3,1984
21,DOM,15,4,19,1984
21,ECU,10,1,11,1984
21,EGY,108,6,114,1984
21,ESA,9,1,10,1984
21,ESP,163,16,179,1984
21,FIJ,11,3,14,1984
21,FIN,73,13,86,1984
21,FRA,189,49,238,1984
21,FRG,268,123,391,1984
21,GAB,2,2,4,1984
21,GAM,6,4,10,1984
21,GBR,229,108,337,1984
21,GEQ,4,0,4,1984
21,GHA,14,7,21,1984
21,GRE,59,4,63,1984
21,GRN,5,1,6,1984
21,GUA,20,4,24,1984
21,GUI,1,0,1,1984
21,GUY,8,2,10,1984
21,HAI,1,2,3,1984
21,HKG,36,11,47,1984
21,HON,7,3,10,1984
21,INA,13,3,16,1984
21,IND,42,6,48,1984
21,IRL,28,14,42,1984
21,IRQ,23,0,23,1984
21,ISL,27,3,30,1984
21,ISR,24,8,32,1984
21,ISV,26,3,29,1984
21,ITA,222,46,268,1984
21,IVB,9,0,9,1984
21,JAM,31,14,45,1984
21,JOR,12,1,13,1984
21,JPN,174,52,226,1984
21,KEN,56,5,61,1984
21,KOR,116,59,175,1984
21,KSA,37,0,37,1984
21,KUW,23,0,23,1984
21,LBN,21,1,22,1984
21,LBR,6,1,7,1984
21,LES,4,0,4,1984
21,LIE,5,2,7,1984
21,LUX,4,1,5,1984
21,MAD,5,0,5,1984
21,MAR,33,1,34,1984
21,MAS,20,1,21,1984
21,MAW,15,0,15,1984
21,MEX,77,22,99,1984
21,MLI,4,0,4,1984
21,MLT,5,2,7,1984
21,MON,8,0,8,1984
21,MOZ,8,1,9,1984
21,MRI,3,1,4,1984
21,MTN,2,0,2,1984
21,MYA,1,0,1,1984
21,NCA,5,0,5,1984
21,NED,82,54,136,1984
21,NEP,10,0,10,1984
21,NGR,30,2,32,1984
21,NIG,4,0,4,1984
21,NOR,84,19,103,1984
21,NZL,98,32,130,1984
21,OMA,16,0,16,1984
21,PAK,31,0,31,1984
21,PAN,7,1,8,1984
21,PAR,14,0,14,1984
21,PER,19,16,35,1984
21,PHI,15,4,19,1984
21,PNG,4,3,7,1984
21,POR,29,9,38,1984
21,PUR,43,8,51,1984
21,QAT,24,0,24,1984
21,ROU,71,53,124,1984
21,RWA,2,1,3,1984
21,SAM,8,0,8,1984
21,SEN,23,1,24,1984
21,SEY,8,1,9,1984
21,SGP,5,0,5,1984
21,SLE,6,1,7,1984
21,SMR,18,1,19,1984
21,SOL,3,0,3,1984
21,SOM,7,0,7,1984
21,SRI,4,0,4,1984
21,SUD,7,0,7,1984
21,SUI,102,27,129,1984
21,SUR,5,0,5,1984
21,SWE,131,43,174,1984
21,SWZ,8,0,8,1984
21,SYR,9,0,9,1984
21,TAN,16,2,18,1984
21,TGA,7,0,7,1984
21,THA,25,10,35,1984
21,TOG,6,0,6,1984
21,TPE,31,7,38,1984
21,TTO,11,5,16,1984
21,TUN,22,1,23,1984
21,TUR,45,1,46,1984
21,UAE,7,0,7,1984
21,UGA,24,2,26,1984
21,URU,17,1,18,1984
21,USA,339,183,522,1984
21,VEN,25,1,26,1984
21,YAR,2,0,2,1984
21,YUG,105,34,139,1984
21,ZAM,16,0,16,1984
21,ZIM,12,3,15,1984
22,AFG,5,0,5,1988
22,AHO,2,1,3,1988
22,ALG,40,2,42,1988
22,AND,3,0,3,1988
22,ANG,19,5,24,1988
22,ANT,12,3,15,1988
22,ARG,93,25,118,1988
22,ARU,4,4,8,1988
22,ASA,6,0,6,1988
22,AUS,180,72,252,1988
22,AUT,66,7,73,1988
22,BAH,12,4,16,1988
22,BAN,6,0,6,1988
22,BAR,16,1,17,1988
22,BEL,35,24,59,1988
22,BEN,6,1,7,1988
22,BER,11,1,12,1988
22,BHU,3,0,3,1988
22,BIZ,10,0,10,1988
22,BOL,6,1,7,1988
22,BOT,8,0,8,1988
22,BRA,127,33,160,1988
22,BRN,7,0,7,1988
22,BUL,104,68,172,1988
22,BUR,5,1,6,1988
22,CAF,15,0,15,1988
22,CAN,223,105,328,1988
22,CAY,7,1,8,1988
22,CGO,5,2,7,1988
22,CHA,6,0,6,1988
22,CHI,16,1,17,1988
22,CHN,149,124,273,1988
22,CIV,11,17,28,1988
22,CMR,13,2,15,1988
22,COD,13,2,15,1988
22,COK,6,1,7,1988
22,COL,34,6,40,1988
22,CRC,9,7,16,1988
22,CYP,7,2,9,1988
22,DEN,57,21,78,1988
22,DJI,6,0,6,1988
22,DOM,15,1,16,1988
22,ECU,10,3,13,1988
22,EGY,48,1,49,1988
22,ESA,5,1,6,1988
22,ESP,200,29,229,1988
22,FIJ,19,4,23,1988
22,FIN,59,19,78,1988
22,FRA,192,74,266,1988
22,FRG,244,103,347,1988
22,GAB,1,1,2,1988
22,GAM,5,1,6,1988
22,GBR,219,126,345,1988
22,GDR,157,102,259,1988
22,GEQ,4,2,6,1988
22,GHA,10,6,16,1988
22,GRE,44,12,56,1988
22,GRN,4,2,6,1988
22,GUA,25,3,28,1988
22,GUI,6,0,6,1988
22,GUM,14,5,19,1988
22,GUY,7,1,8,1988
22,HAI,3,1,4,1988
22,HKG,38,10,48,1988
22,HON,7,1,8,1988
22,HUN,152,36,188,1988
22,INA,23,6,29,1988
22,IND,39,7,46,1988
22,IRI,23,0,23,1988
22,IRL,52,9,61,1988
22,IRQ,27,0,27,1988
22,ISL,28,4,32,1988
22,ISR,14,4,18,1988
22,ISV,19,3,22,1988
22,ITA,212,41,253,1988
22,IVB,3,0,3,1988
22,JAM,24,11,35,1988
22,JOR,5,2,7,1988
22,JPN,186,69,255,1988
22,KEN,70,4,74,1988
22,KOR,269,132,401,1988
22,KSA,9,0,9,1988
22,KUW,25,0,25,1988
22,LAO,2,1,3,1988
22,LBA,6,0,6,1988
22,LBN,19,2,21,1988
22,LBR,7,1,8,1988
22,LES,6,0,6,1988
22,LIE,9,3,12,1988
22,LUX,5,3,8,1988
22,MAR,24,3,27,1988
22,MAS,5,4,9,1988
22,MAW,16,0,16,1988
22,MDV,7,0,7,1988
22,MEX,66,17,83,1988
22,MGL,24,4,28,1988
22,MLI,5,1,6,1988
22,MLT,5,1,6,1988
22,MON,8,1,9,1988
22,MOZ,6,2,8,1988
22,MRI,6,2,8,1988
22,MTN,6,0,6,1988
22,MYA,0,2,2,1988
22,NED,93,54,147,1988
22,NEP,13,3,16,1988
22,NGR,61,8,69,1988
22,NIG,6,0,6,1988
22,NOR,44,25,69,1988
22,NZL,67,16,83,1988
22,OMA,8,0,8,1988
22,PAK,30,0,30,1988
22,PAN,6,0,6,1988
22,PAR,10,0,10,1988
22,PER,7,14,21,1988
22,PHI,26,5,31,1988
22,PNG,9,2,11,1988
22,POL,111,32,143,1988
22,POR,55,10,65,1988
22,PUR,44,3,47,1988
22,QAT,10,0,10,1988
22,ROU,32,36,68,1988
22,RWA,3,3,6,1988
22,SAM,11,0,11,1988
22,SEN,22,1,23,1988
22,SGP,7,1,8,1988
22,SLE,11,1,12,1988
22,SMR,11,0,11,1988
22,SOL,4,0,4,1988
22,SOM,5,0,5,1988
22,SRI,4,2,6,1988
22,SUD,8,0,8,1988
22,SUI,72,27,99,1988
22,SUR,4,2,6,1988
22,SWE,147,37,184,1988
22,SWZ,11,0,11,1988
22,SYR,13,0,13,1988
22,TAN,10,0,10,1988
22,TCH,110,53,163,1988
22,TGA,4,1,5,1988
22,THA,12,2,14,1988
22,TOG,6,0,6,1988
22,TPE,43,18,61,1988
22,TTO,4,2,6,1988
22,TUN,39,2,41,1988
22,TUR,36,5,41,1988
22,UAE,12,0,12,1988
22,UGA,20,4,24,1988
22,URS,319,162,481,1988
22,URU,14,1,15,1988
22,USA,332,195,527,1988
22,VAN,3,1,4,1988
22,VEN,15,2,17,1988
22,VIE,8,1,9,1988
22,VIN,5,1,6,1988
22,YAR,8,0,8,1988
22,YMD,5,0,5,1988
22,YUG,117,38,155,1988
22,ZAM,29,0,29,1988
22,ZIM,23,6,29,1988
23,AHO,3,1,4,1992
23,ALB,5,2,7,1992
23,ALG,33,2,35,1992
23,AND,7,1,8,1992
23,ANG,25,3,28,1992
23,ANT,9,4,13,1992
23,ARG,67,17,84,1992
23,ARU,4,1,5,1992
23,ASA,3,0,3,1992
23,AUS,187,92,279,1992
23,AUT,71,31,102,1992
23,BAH,12,2,14,1992
23,BAN,5,1,6,1992
23,BAR,16,1,17,1992
23,BEL,43,25,68,1992
23,BEN,4,2,6,1992
23,BER,14,6,20,1992
23,BHU,3,3,6,1992
23,BIH,6,4,10,1992
23,BIZ,9,1,10,1992
23,BOL,8,5,13,1992
23,BOT,6,0,6,1992
23,BRA,132,50,182,1992
23,BRN,10,0,10,1992
23,BUL,87,51,138,1992
23,BUR,4,0,4,1992
23,CAF,13,2,15,1992
23,CAN,179,116,295,1992
23,CAY,10,0,10,1992
23,CGO,6,1,7,1992
23,CHA,5,1,6,1992
23,CHI,9,3,12,1992
23,CHN,117,127,244,1992
23,CIV,8,5,13,1992
23,CMR,3,5,8,1992
23,COD,15,2,17,1992
23,COK,2,0,2,1992
23,COL,46,3,49,1992
23,CRC,11,5,16,1992
23,CRO,36,3,39,1992
23,CUB,126,50,176,1992
23,CYP,13,4,17,1992
23,DEN,77,33,110,1992
23,DJI,8,0,8,1992
23,DOM,30,2,32,1992
23,ECU,6,7,13,1992
23,EGY,72,3,75,1992
23,ESA,3,1,4,1992
23,ESP,296,125,421,1992
23,EST,33,4,37,1992
23,ETH,14,6,20,1992
23,EUN,310,165,475,1992
23,FIJ,14,4,18,1992
23,FIN,60,28,88,1992
23,FRA,241,98,339,1992
23,GAB,4,1,5,1992
23,GAM,5,0,5,1992
23,GBR,229,142,371,1992
23,GEQ,5,2,7,1992
23,GER,300,163,463,1992
23,GHA,32,2,34,1992
23,GRE,56,14,70,1992
23,GRN,3,1,4,1992
23,GUA,12,2,14,1992
23,GUI,6,2,8,1992
23,GUM,16,6,22,1992
23,GUY,5,1,6,1992
23,HAI,7,0,7,1992
23,HKG,28,10,38,1992
23,HON,7,3,10,1992
23,HUN,159,58,217,1992
23,INA,27,15,42,1992
23,IND,46,6,52,1992
23,IOA,39,19,58,1992
23,IRI,36,0,36,1992
23,IRL,49,9,58,1992
23,IRQ,8,0,8,1992
23,ISL,24,3,27,1992
23,ISR,25,5,30,1992
23,ISV,20,5,25,1992
23,ITA,228,76,304,1992
23,IVB,4,0,4,1992
23,JAM,22,14,36,1992
23,JOR,3,1,4,1992
23,JPN,175,81,256,1992
23,KEN,40,9,49,1992
23,KOR,154,72,226,1992
23,KSA,9,0,9,1992
23,KUW,32,0,32,1992
23,LAO,6,0,6,1992
23,LAT,25,9,34,1992
23,LBA,5,0,5,1992
23,LBN,12,0,12,1992
23,LES,5,1,6,1992
23,LIE,4,3,7,1992
23,LTU,36,11,47,1992
23,LUX,5,1,6,1992
23,MAD,8,5,13,1992
23,MAR,43,1,44,1992
23,MAS,26,0,26,1992
23,MAW,3,1,4,1992
23,MDV,6,1,7,1992
23,MEX,76,26,102,1992
23,MGL,27,6,33,1992
23,MLI,3,2,5,1992
23,MLT,3,3,6,1992
23,MON,1,1,2,1992
23,MOZ,3,3,6,1992
23,MRI,6,7,13,1992
23,MTN,6,0,6,1992
23,MYA,1,3,4,1992
23,NAM,5,1,6,1992
23,NCA,7,1,8,1992
23,NED,117,84,201,1992
23,NEP,1,1,2,1992
23,NGR,32,23,55,1992
23,NIG,3,0,3,1992
23,NOR,51,32,83,1992
23,NZL,92,42,134,1992
23,OMA,5,0,5,1992
23,PAK,27,0,27,1992
23,PAN,5,0,5,1992
23,PAR,24,3,27,1992
23,PER,12,4,16,1992
23,PHI,24,2,26,1992
23,PNG,12,1,13,1992
23,POL,149,52,201,1992
23,POR,68,22,90,1992
23,PRK,36,28,64,1992
23,PUR,65,6,71,1992
23,QAT,28,0,28,1992
23,ROU,105,68,173,1992
23,RSA,68,25,93,1992
23,RWA,7,3,10,1992
23,SAM,5,0,5,1992
23,SEN,18,2,20,1992
23,SEY,10,1,11,1992
23,SGP,11,3,14,1992
23,SLE,9,2,11,1992
23,SLO,29,6,35,1992
23,SMR,16,1,17,1992
23,SOL,1,0,1,1992
23,SRI,5,6,11,1992
23,SUD,6,0,6,1992
23,SUI,73,29,102,1992
23,SUR,5,1,6,1992
23,SWE,143,44,187,1992
23,SWZ,6,0,6,1992
23,SYR,7,1,8,1992
23,TAN,9,0,9,1992
23,TCH,146,62,208,1992
23,TGA,5,0,5,1992
23,THA,23,23,46,1992
23,TOG,6,0,6,1992
23,TPE,23,8,31,1992
23,TTO,7,0,7,1992
23,TUN,11,2,13,1992
23,TUR,36,5,41,1992
23,UAE,13,0,13,1992
23,UGA,6,2,8,1992
23,URU,16,0,16,1992
23,USA,355,190,545,1992
23,VAN,4,2,6,1992
23,VEN,22,4,26,1992
23,VIE,2,5,7,1992
23,VIN,4,2,6,1992
23,YEM,8,0,8,1992
23,ZAM,8,1,9,1992
23,ZIM,10,9,19,1992
24,AFG,2,0,2,1996
24,AHO,6,0,6,1996
24,ALB,3,4,7,1996
24,ALG,39,6,45,1996
24,AND,6,2,8,1996
24,ANG,13,15,28,1996
24,ANT,8,5,13,1996
24,ARG,132,47,179,1996
24,ARM,30,2,32,1996
24,ARU,3,0,3,1996
24,ASA,6,1,7,1996
24,AUS,250,167,417,1996
24,AUT,56,16,72,1996
24,AZE,20,3,23,1996
24,BAH,19,7,26,1996
24,BAN,3,1,4,1996
24,BAR,11,2,13,1996
24,BDI,6,1,7,1996
24,BEL,41,20,61,1996
24,BEN,4,1,5,1996
24,BER,7,2,9,1996
24,BHU,1,1,2,1996
24,BIH,7,2,9,1996
24,BIZ,2,3,5,1996
24,BLR,91,66,157,1996
24,BOL,6,2,8,1996
24,BOT,7,0,7,1996
24,BRA,156,65,221,1996
24,BRN,5,0,5,1996
24,BRU,1,0,1,1996
24,BUL,74,36,110,1996
24,BUR,3,2,5,1996
24,CAF,3,2,5,1996
24,CAM,3,2,5,1996
24,CAN,152,151,303,1996
24,CAY,8,1,9,1996
24,CGO,3,2,5,1996
24,CHA,3,1,4,1996
24,CHI,16,5,21,1996
24,CHN,111,183,294,1996
24,CIV,10,1,11,1996
24,CMR,11,4,15,1996
24,COD,2,12,14,1996
24,COK,2,1,3,1996
24,COL,39,9,48,1996
24,COM,3,1,4,1996
24,CPV,2,1,3,1996
24,CRC,6,5,11,1996
24,CRO,75,9,84,1996
24,CUB,111,53,164,1996
24,CYP,15,2,17,1996
24,CZE,76,39,115,1996
24,DEN,54,65,119,1996
24,DJI,5,0,5,1996
24,DMA,4,2,6,1996
24,DOM,12,4,16,1996
24,ECU,17,2,19,1996
24,EGY,27,2,29,1996
24,ESA,6,2,8,1996
24,ESP,194,95,289,1996
24,EST,35,8,43,1996
24,ETH,10,8,18,1996
24,FIJ,14,3,17,1996
24,FIN,47,29,76,1996
24,FRA,197,102,299,1996
24,GAB,6,1,7,1996
24,GAM,8,1,9,1996
24,GBR,184,116,300,1996
24,GBS,3,0,3,1996
24,GEO,27,7,34,1996
24,GEQ,4,1,5,1996
24,GER,279,187,466,1996
24,GHA,33,2,35,1996
24,GRE,87,34,121,1996
24,GRN,5,0,5,1996
24,GUA,25,1,26,1996
24,GUI,4,1,5,1996
24,GUM,6,2,8,1996
24,GUY,6,1,7,1996
24,HAI,7,0,7,1996
24,HKG,14,9,23,1996
24,HON,4,3,7,1996
24,HUN,147,66,213,1996
24,INA,23,17,40,1996
24,IND,40,9,49,1996
24,IRI,17,1,18,1996
24,IRL,62,16,78,1996
24,IRQ,3,0,3,1996
24,ISL,5,4,9,1996
24,ISR,18,7,25,1996
24,ISV,6,6,12,1996
24,ITA,236,104,340,1996
24,IVB,7,0,7,1996
24,JAM,27,19,46,1996
24,JOR,3,2,5,1996
24,JPN,157,149,306,1996
24,KAZ,72,24,96,1996
24,KEN,42,10,52,1996
24,KGZ,26,7,33,1996
24,KOR,190,113,303,1996
24,KSA,29,0,29,1996
24,KUW,25,0,25,1996
24,LAO,4,1,5,1996
24,LAT,34,13,47,1996
24,LBA,5,0,5,1996
24,LBN,0,1,1,1996
24,LBR,4,1,5,1996
24,LCA,5,1,6,1996
24,LES,5,4,9,1996
24,LIE,0,2,2,1996
24,LTU,45,16,61,1996
24,LUX,2,4,6,1996
24,MAD,4,7,11,1996
24,MAR,32,2,34,1996
24,MAS,32,3,35,1996
24,MAW,2,0,2,1996
24,MDA,35,5,40,1996
24,MDV,5,1,6,1996
24,MEX,71,27,98,1996
24,MGL,12,4,16,1996
24,MKD,8,3,11,1996
24,MLI,1,2,3,1996
24,MLT,4,3,7,1996
24,MON,2,1,3,1996
24,MOZ,2,1,3,1996
24,MRI,21,5,26,1996
24,MTN,4,0,4,1996
24,MYA,2,1,3,1996
24,NAM,6,2,8,1996
24,NCA,25,1,26,1996
24,NED,137,102,239,1996
24,NEP,3,3,6,1996
24,NGR,49,16,65,1996
24,NIG,2,1,3,1996
24,NOR,42,55,97,1996
24,NRU,3,0,3,1996
24,NZL,66,29,95,1996
24,OMA,4,0,4,1996
24,PAK,23,1,24,1996
24,PAN,5,2,7,1996
24,PAR,6,1,7,1996
24,PER,15,14,29,1996
24,PHI,8,4,12,1996
24,PLE,1,0,1,1996
24,PNG,11,0,11,1996
24,POL,126,39,165,1996
24,POR,83,24,107,1996
24,PRK,15,9,24,1996
24,PUR,47,22,69,1996
24,QAT,12,0,12,1996
24,ROU,98,67,165,1996
24,RSA,64,20,84,1996
24,RUS,232,158,390,1996
24,RWA,4,0,4,1996
24,SAM,4,1,5,1996
24,SCG,59,9,68,1996
24,SEN,11,0,11,1996
24,SEY,8,1,9,1996
24,SGP,9,5,14,1996
24,SKN,4,6,10,1996
24,SLE,10,4,14,1996
24,SLO,25,12,37,1996
24,SMR,6,1,7,1996
24,SOL,3,1,4,1996
24,SOM,4,0,4,1996
24,SRI,5,4,9,1996
24,STP,1,1,2,1996
24,SUD,4,0,4,1996
24,SUI,72,43,115,1996
24,SUR,5,2,7,1996
24,SVK,58,13,71,1996
24,SWE,111,66,177,1996
24,SWZ,5,1,6,1996
24,SYR,6,1,7,1996
24,TAN,6,1,7,1996
24,TGA,4,1,5,1996
24,THA,25,12,37,1996
24,TJK,6,2,8,1996
24,TKM,4,3,7,1996
24,TOG,5,0,5,1996
24,TPE,32,42,74,1996
24,TTO,8,4,12,1996
24,TUN,45,6,51,1996
24,TUR,44,9,53,1996
24,UAE,4,0,4,1996
24,UGA,7,3,10,1996
24,UKR,146,85,231,1996
24,URU,12,2,14,1996
24,USA,375,273,648,1996
24,UZB,63,8,71,1996
24,VAN,3,1,4,1996
24,VEN,34,5,39,1996
24,VIE,3,3,6,1996
24,VIN,7,1,8,1996
24,YEM,4,0,4,1996
24,ZAM,7,1,8,1996
24,ZIM,12,1,13,1996
25,AHO,6,1,7,2000
25,ALB,2,2,4,2000
25,ALG,37,10,47,2000
25,AND,3,2,5,2000
25,ANG,15,15,30,2000
25,ANT,2,1,3,2000
25,ARG,98,45,143,2000
25,ARM,23,2,25,2000
25,ARU,3,2,5,2000
25,ASA,3,1,4,2000
25,AUS,341,276,617,2000
25,AUT,55,37,92,2000
25,AZE,25,6,31,2000
25,BAH,16,9,25,2000
25,BAN,2,3,5,2000
25,BAR,12,6,18,2000
25,BDI,5,1,6,2000
25,BEL,36,32,68,2000
25,BEN,3,1,4,2000
25,BER,4,2,6,2000
25,BHU,1,1,2,2000
25,BIH,7,2,9,2000
25,BIZ,1,1,2,2000
25,BLR,72,67,139,2000
25,BOL,3,2,5,2000
25,BOT,7,0,7,2000
25,BRA,106,92,198,2000
25,BRN,2,2,4,2000
25,BRU,2,0,2,2000
25,BUL,52,39,91,2000
25,BUR,3,1,4,2000
25,CAF,1,2,3,2000
25,CAM,2,2,4,2000
25,CAN,150,144,294,2000
25,CAY,1,2,3,2000
25,CGO,3,2,5,2000
25,CHA,1,1,2,2000
25,CHI,43,7,50,2000
25,CHN,91,180,271,2000
25,CIV,7,7,14,2000
25,CMR,25,9,34,2000
25,COD,1,1,2,2000
25,COK,1,1,2,2000
25,COL,25,19,44,2000
25,COM,1,1,2,2000
25,CPV,1,1,2,2000
25,CRC,5,2,7,2000
25,CRO,63,25,88,2000
25,CUB,147,82,229,2000
25,CYP,17,5,22,2000
25,CZE,86,33,119,2000
25,DEN,53,44,97,2000
25,DJI,1,1,2,2000
25,DMA,2,2,4,2000
25,DOM,11,2,13,2000
25,ECU,7,3,10,2000
25,EGY,74,15,89,2000
25,ERI,2,1,3,2000
25,ESA,4,4,8,2000
25,ESP,216,105,321,2000
25,EST,31,2,33,2000
25,ETH,15,11,26,2000
25,FIJ,4,3,7,2000
25,FIN,40,30,70,2000
25,FRA,211,125,336,2000
25,FSM,3,2,5,2000
25,GAB,3,2,5,2000
25,GAM,1,1,2,2000
25,GBR,181,129,310,2000
25,GBS,2,1,3,2000
25,GEO,27,9,36,2000
25,GEQ,2,2,4,2000
25,GER,241,181,422,2000
25,GHA,16,6,22,2000
25,GRE,82,58,140,2000
25,GRN,2,1,3,2000
25,GUA,14,1,15,2000
25,GUI,3,3,6,2000
25,GUM,5,2,7,2000
25,GUY,3,1,4,2000
25,HAI,3,2,5,2000
25,HKG,19,12,31,2000
25,HON,18,2,20,2000
25,HUN,109,69,178,2000
25,INA,27,20,47,2000
25,IND,44,21,65,2000
25,IOA,3,1,4,2000
25,IRI,32,1,33,2000
25,IRL,40,24,64,2000
25,IRQ,2,2,4,2000
25,ISL,9,9,18,2000
25,ISR,29,10,39,2000
25,ISV,6,3,9,2000
25,ITA,246,115,361,2000
25,IVB,1,0,1,2000
25,JAM,22,26,48,2000
25,JOR,4,4,8,2000
25,JPN,156,110,266,2000
25,KAZ,86,44,130,2000
25,KEN,34,22,56,2000
25,KGZ,35,13,48,2000
25,KOR,175,106,281,2000
25,KSA,18,0,18,2000
25,KUW,29,0,29,2000
25,LAO,2,1,3,2000
25,LAT,30,15,45,2000
25,LBA,3,0,3,2000
25,LBN,4,2,6,2000
25,LBR,6,2,8,2000
25,LCA,3,2,5,2000
25,LES,4,2,6,2000
25,LIE,1,1,2,2000
25,LTU,40,21,61,2000
25,LUX,2,5,7,2000
25,MAD,5,6,11,2000
25,MAR,46,9,55,2000
25,MAS,32,8,40,2000
25,MAW,1,1,2,2000
25,MDA,29,5,34,2000
25,MDV,2,2,4,2000
25,MEX,52,26,78,2000
25,MGL,12,8,20,2000
25,MKD,6,4,10,2000
25,MLI,3,2,5,2000
25,MLT,4,3,7,2000
25,MON,3,1,4,2000
25,MOZ,2,2,4,2000
25,MRI,16,4,20,2000
25,MTN,1,1,2,2000
25,MYA,1,6,7,2000
25,NAM,9,2,11,2000
25,NCA,4,2,6,2000
25,NED,147,84,231,2000
25,NEP,2,3,5,2000
25,NGR,44,39,83,2000
25,NIG,2,2,4,2000
25,NOR,44,49,93,2000
25,NRU,1,1,2,2000
25,NZL,77,70,147,2000
25,OMA,6,0,6,2000
25,PAK,26,1,27,2000
25,PAN,4,2,6,2000
25,PAR,2,3,5,2000
25,PER,8,13,21,2000
25,PHI,11,9,20,2000
25,PLE,1,1,2,2000
25,PLW,2,3,5,2000
25,PNG,2,3,5,2000
25,POL,129,58,187,2000
25,POR,48,13,61,2000
25,PRK,14,17,31,2000
25,PUR,23,6,29,2000
25,QAT,17,0,17,2000
25,ROU,71,74,145,2000
25,RSA,89,38,127,2000
25,RUS,241,194,435,2000
25,RWA,3,2,5,2000
25,SAM,4,1,5,2000
25,SCG,92,17,109,2000
25,SEN,7,19,26,2000
25,SEY,6,3,9,2000
25,SGP,8,6,14,2000
25,SKN,1,1,2,2000
25,SLE,2,1,3,2000
25,SLO,55,19,74,2000
25,SMR,3,1,4,2000
25,SOL,1,1,2,2000
25,SOM,1,1,2,2000
25,SRI,9,9,18,2000
25,STP,1,1,2,2000
25,SUD,2,1,3,2000
25,SUI,64,38,102,2000
25,SUR,2,2,4,2000
25,SVK,81,27,108,2000
25,SWE,98,52,150,2000
25,SWZ,4,2,6,2000
25,SYR,6,2,8,2000
25,TAN,3,1,4,2000
25,TGA,2,1,3,2000
25,THA,34,18,52,2000
25,TJK,2,2,4,2000
25,TKM,4,4,8,2000
25,TOG,2,1,3,2000
25,TPE,21,34,55,2000
25,TTO,14,5,19,2000
25,TUN,40,7,47,2000
25,TUR,42,15,57,2000
25,UAE,4,0,4,2000
25,UGA,9,4,13,2000
25,UKR,139,91,230,2000
25,URU,12,3,15,2000
25,USA,333,253,586,2000
25,UZB,52,18,70,2000
25,VAN,2,1,3,2000
25,VEN,36,14,50,2000
25,VIE,3,4,7,2000
25,VIN,2,2,4,2000
25,YEM,1,1,2,2000
25,ZAM,6,2,8,2000
25,ZIM,11,5,16,2000
26,AFG,3,2,5,2004
26,AHO,3,0,3,2004
26,ALB,5,2,7,2004
26,ALG,46,15,61,2004
26,AND,4,2,6,2004
26,ANG,14,16,30,2004
26,ANT,3,2,5,2004
26,ARG,106,46,152,2004
26,ARM,16,2,18,2004
26,ARU,3,1,4,2004
26,ASA,2,1,3,2004
26,AUS,268,202,470,2004
26,AUT,54,20,74,2004
26,AZE,30,6,36,2004
26,BAH,13,9,22,2004
26,BAN,3,1,4,2004
26,BAR,9,1,10,2004
26,BDI,5,2,7,2004
26,BEL,31,19,50,2004
26,BEN,2,2,4,2004
26,BER,5,5,10,2004
26,BHU,1,1,2,2004
26,BIH,7,2,9,2004
26,BIZ,1,1,2,2004
26,BLR,82,69,151,2004
26,BOL,4,3,7,2004
26,BOT,10,1,11,2004
26,BRA,124,119,243,2004
26,BRN,7,3,10,2004
26,BRU,1,0,1,2004
26,BUL,49,46,95,2004
26,BUR,3,2,5,2004
26,CAF,2,2,4,2004
26,CAM,2,2,4,2004
26,CAN,130,132,262,2004
26,CAY,3,2,5,2004
26,CGO,2,3,5,2004
26,CHA,0,1,1,2004
26,CHI,16,6,22,2004
26,CHN,136,247,383,2004
26,CIV,2,3,5,2004
26,CMR,10,7,17,2004
26,COD,3,1,4,2004
26,COK,2,1,3,2004
26,COL,32,21,53,2004
26,COM,2,1,3,2004
26,CPV,2,1,3,2004
26,CRC,17,3,20,2004
26,CRO,66,15,81,2004
26,CUB,97,54,151,2004
26,CYP,13,7,20,2004
26,CZE,80,62,142,2004
26,DEN,48,44,92,2004
26,DMA,1,1,2,2004
26,DOM,17,16,33,2004
26,ECU,11,5,16,2004
26,EGY,81,16,97,2004
26,ERI,3,1,4,2004
26,ESA,2,5,7,2004
26,ESP,177,139,316,2004
26,EST,31,11,42,2004
26,ETH,14,12,26,2004
26,FIJ,4,4,8,2004
26,FIN,36,17,53,2004
26,FRA,195,113,308,2004
26,FSM,3,2,5,2004
26,GAB,3,2,5,2004
26,GAM,1,1,2,2004
26,GBR,161,103,264,2004
26,GBS,1,2,3,2004
26,GEO,26,6,32,2004
26,GEQ,1,1,2,2004
26,GER,250,191,441,2004
26,GHA,23,3,26,2004
26,GRE,215,211,426,2004
26,GRN,3,2,5,2004
26,GUA,11,7,18,2004
26,GUI,2,1,3,2004
26,GUM,3,1,4,2004
26,GUY,2,2,4,2004
26,HAI,7,1,8,2004
26,HKG,14,18,32,2004
26,HON,3,2,5,2004
26,HUN,119,90,209,2004
26,INA,22,16,38,2004
26,IND,48,25,73,2004
26,IRI,36,1,37,2004
26,IRL,32,14,46,2004
26,IRQ,23,1,24,2004
26,ISL,21,5,26,2004
26,ISR,20,16,36,2004
26,ISV,5,1,6,2004
26,ITA,229,135,364,2004
26,IVB,1,0,1,2004
26,JAM,22,25,47,2004
26,JOR,4,4,8,2004
26,JPN,139,167,306,2004
26,KAZ,71,43,114,2004
26,KEN,22,24,46,2004
26,KGZ,22,7,29,2004
26,KIR,2,1,3,2004
26,KOR,145,119,264,2004
26,KSA,16,0,16,2004
26,KUW,10,1,11,2004
26,LAO,3,2,5,2004
26,LAT,22,10,32,2004
26,LBA,6,2,8,2004
26,LBN,3,2,5,2004
26,LBR,1,1,2,2004
26,LCA,1,1,2,2004
26,LES,1,2,3,2004
26,LIE,1,0,1,2004
26,LTU,47,12,59,2004
26,LUX,6,4,10,2004
26,MAD,3,5,8,2004
26,MAR,47,8,55,2004
26,MAS,18,8,26,2004
26,MAW,2,2,4,2004
26,MDA,26,7,33,2004
26,MDV,2,2,4,2004
26,MEX,59,50,109,2004
26,MGL,13,7,20,2004
26,MKD,7,3,10,2004
26,MLI,19,2,21,2004
26,MLT,4,3,7,2004
26,MON,2,1,3,2004
26,MOZ,2,2,4,2004
26,MRI,6,3,9,2004
26,MTN,1,1,2,2004
26,MYA,0,2,2,2004
26,NAM,7,1,8,2004
26,NCA,2,3,5,2004
26,NED,134,76,210,2004
26,NEP,3,3,6,2004
26,NGR,24,46,70,2004
26,NIG,3,1,4,2004
26,NOR,35,17,52,2004
26,NRU,2,1,3,2004
26,NZL,81,67,148,2004
26,OMA,2,0,2,2004
26,PAK,24,2,26,2004
26,PAN,3,1,4,2004
26,PAR,20,2,22,2004
26,PER,7,5,12,2004
26,PHI,12,4,16,2004
26,PLE,2,1,3,2004
26,PLW,2,2,4,2004
26,PNG,2,2,4,2004
26,POL,132,62,194,2004
26,POR,64,17,81,2004
26,PRK,13,23,36,2004
26,PUR,32,11,43,2004
26,QAT,15,0,15,2004
26,ROU,50,58,108,2004
26,RSA,66,40,106,2004
26,RUS,244,202,446,2004
26,RWA,3,2,5,2004
26,SAM,2,1,3,2004
26,SCG,78,7,85,2004
26,SEN,6,9,15,2004
26,SEY,7,2,9,2004
26,SGP,6,10,16,2004
26,SKN,1,1,2,2004
26,SLE,1,1,2,2004
26,SLO,56,23,79,2004
26,SMR,4,1,5,2004
26,SOL,1,1,2,2004
26,SOM,1,1,2,2004
26,SRI,4,3,7,2004
26,STP,1,1,2,2004
26,SUD,3,1,4,2004
26,SUI,59,39,98,2004
26,SUR,2,2,4,2004
26,SVK,48,16,64,2004
26,SWE,62,53,115,2004
26,SWZ,2,1,3,2004
26,SYR,5,1,6,2004
26,TAN,6,2,8,2004
26,TGA,4,1,5,2004
26,THA,24,18,42,2004
26,TJK,5,4,9,2004
26,TKM,6,3,9,2004
26,TLS,1,1,2,2004
26,TOG,2,1,3,2004
26,TPE,49,39,88,2004
26,TTO,10,9,19,2004
26,TUN,44,10,54,2004
26,TUR,44,20,64,2004
26,UAE,4,0,4,2004
26,UGA,9,2,11,2004
26,UKR,124,115,239,2004
26,URU,13,2,15,2004
26,USA,279,254,533,2004
26,UZB,51,18,69,2004
26,VAN,1,1,2,2004
26,VEN,33,15,48,2004
26,VIE,6,5,11,2004
26,VIN,2,1,3,2004
26,YEM,3,0,3,2004
26,ZAM,4,2,6,2004
26,ZIM,9,3,12,2004
53,AFG,3,1,4,2008
53,AHO,3,0,3,2008
53,ALB,7,4,11,2008
53,ALG,34,22,56,2008
53,AND,3,2,5,2008
53,ANG,17,15,32,2008
53,ANT,4,1,5,2008
53,ARG,79,53,132,2008
53,ARM,23,2,25,2008
53,ARU,2,0,2,2008
53,ASA,2,2,4,2008
53,AUS,233,199,432,2008
53,AUT,40,30,70,2008
53,AZE,30,14,44,2008
53,BAH,16,9,25,2008
53,BAN,3,2,5,2008
53,BAR,7,1,8,2008
53,BDI,1,2,3,2008
53,BEL,77,17,94,2008
53,BEN,3,2,5,2008
53,BER,2,4,6,2008
53,BHU,1,1,2,2008
53,BIH,4,1,5,2008
53,BIZ,3,1,4,2008
53,BLR,93,84,177,2008
53,BOL,4,3,7,2008
53,BOT,9,2,11,2008
53,BRA,139,129,268,2008
53,BRN,11,3,14,2008
53,BUL,43,27,70,2008
53,BUR,3,3,6,2008
53,CAF,2,1,3,2008
53,CAM,2,2,4,2008
53,CAN,186,146,332,2008
53,CAY,3,1,4,2008
53,CGO,3,2,5,2008
53,CHA,1,1,2,2008
53,CHI,20,6,26,2008
53,CHN,310,289,599,2008
53,CIV,19,2,21,2008
53,CMR,25,7,32,2008
53,COD,4,1,5,2008
53,COK,3,1,4,2008
53,COL,43,24,67,2008
53,COM,2,1,3,2008
53,CPV,1,1,2,2008
53,CRC,6,2,8,2008
53,CRO,80,19,99,2008
53,CUB,102,56,158,2008
53,CYP,7,10,17,2008
53,CZE,75,59,134,2008
53,DEN,64,20,84,2008
53,DJI,1,1,2,2008
53,DMA,2,0,2,2008
53,DOM,18,6,24,2008
53,ECU,17,8,25,2008
53,EGY,74,26,100,2008
53,ERI,8,2,10,2008
53,ESA,4,7,11,2008
53,ESP,163,120,283,2008
53,EST,34,13,47,2008
53,ETH,14,13,27,2008
53,FIJ,4,2,6,2008
53,FIN,31,26,57,2008
53,FRA,188,121,309,2008
53,FSM,3,2,5,2008
53,GAB,2,2,4,2008
53,GAM,2,1,3,2008
53,GBR,163,141,304,2008
53,GBS,2,1,3,2008
53,GEO,27,8,35,2008
53,GEQ,2,1,3,2008
53,GER,237,183,420,2008
53,GHA,8,1,9,2008
53,GRE,82,70,152,2008
53,GRN,4,5,9,2008
53,GUA,9,3,12,2008
53,GUI,2,3,5,2008
53,GUM,4,2,6,2008
53,GUY,2,2,4,2008
53,HAI,3,4,7,2008
53,HKG,17,17,34,2008
53,HON,23,2,25,2008
53,HUN,88,83,171,2008
53,INA,15,9,24,2008
53,IND,31,22,53,2008
53,IRI,51,3,54,2008
53,IRL,39,16,55,2008
53,IRQ,3,1,4,2008
53,ISL,20,7,27,2008
53,ISR,23,20,43,2008
53,ISV,6,1,7,2008
53,ITA,203,130,333,2008
53,IVB,1,1,2,2008
53,JAM,23,27,50,2008
53,JOR,3,4,7,2008
53,JPN,167,165,332,2008
53,KAZ,60,70,130,2008
53,KEN,28,18,46,2008
53,KGZ,16,4,20,2008
53,KIR,2,0,2,2008
53,KOR,159,106,265,2008
53,KSA,14,0,14,2008
53,KUW,8,0,8,2008
53,LAO,2,2,4,2008
53,LAT,29,18,47,2008
53,LBA,4,2,6,2008
53,LBN,4,2,6,2008
53,LBR,2,1,3,2008
53,LCA,1,3,4,2008
53,LES,4,1,5,2008
53,LIE,2,0,2,2008
53,LTU,44,27,71,2008
53,LUX,9,4,13,2008
53,MAD,4,2,6,2008
53,MAR,36,11,47,2008
53,MAS,18,14,32,2008
53,MAW,2,2,4,2008
53,MDA,21,8,29,2008
53,MDV,2,2,4,2008
53,MEX,43,40,83,2008
53,MGL,14,14,28,2008
53,MHL,3,2,5,2008
53,MKD,5,2,7,2008
53,MLI,3,14,17,2008
53,MLT,3,3,6,2008
53,MNE,17,2,19,2008
53,MON,4,1,5,2008
53,MOZ,2,2,4,2008
53,MRI,6,5,11,2008
53,MTN,1,1,2,2008
53,MYA,4,2,6,2008
53,NAM,6,4,10,2008
53,NCA,3,3,6,2008
53,NED,139,98,237,2008
53,NEP,4,4,8,2008
53,NGR,37,37,74,2008
53,NIG,2,2,4,2008
53,NOR,30,54,84,2008
53,NRU,1,0,1,2008
53,NZL,96,82,178,2008
53,OMA,3,1,4,2008
53,PAK,19,2,21,2008
53,PAN,3,2,5,2008
53,PAR,3,4,7,2008
53,PER,7,6,13,2008
53,PHI,10,5,15,2008
53,PLE,2,2,4,2008
53,PLW,3,2,5,2008
53,PNG,3,4,7,2008
53,POL,156,101,257,2008
53,POR,51,26,77,2008
53,PRK,21,37,58,2008
53,PUR,17,5,22,2008
53,QAT,20,0,20,2008
53,ROU,40,61,101,2008
53,RSA,75,59,134,2008
53,RUS,231,223,454,2008
53,RWA,2,2,4,2008
53,SAM,4,2,6,2008
53,SEN,8,7,15,2008
53,SEY,6,3,9,2008
53,SGP,11,14,25,2008
53,SKN,1,3,4,2008
53,SLE,2,1,3,2008
53,SLO,40,21,61,2008
53,SMR,2,2,4,2008
53,SOL,1,2,3,2008
53,SOM,1,1,2,2008
53,SRB,63,24,87,2008
53,SRI,4,4,8,2008
53,STP,2,1,3,2008
53,SUD,5,4,9,2008
53,SUI,47,36,83,2008
53,SUR,2,2,4,2008
53,SVK,35,22,57,2008
53,SWE,50,73,123,2008
53,SWZ,2,2,4,2008
53,SYR,6,1,7,2008
53,TAN,7,2,9,2008
53,TGA,2,1,3,2008
53,THA,22,25,47,2008
53,TJK,12,3,15,2008
53,TKM,6,4,10,2008
53,TLS,0,1,1,2008
53,TOG,3,1,4,2008
53,TPE,43,36,79,2008
53,TTO,17,11,28,2008
53,TUN,14,12,26,2008
53,TUR,48,19,67,2008
53,TUV,2,1,3,2008
53,UAE,6,2,8,2008
53,UGA,9,2,11,2008
53,UKR,127,116,243,2008
53,URU,9,3,12,2008
53,USA,306,282,588,2008
53,UZB,41,15,56,2008
53,VAN,1,2,3,2008
53,VEN,57,51,108,2008
53,VIE,7,6,13,2008
53,VIN,1,1,2,2008
53,YEM,4,1,5,2008
53,ZAM,6,2,8,2008
53,ZIM,8,5,13,2008
54,AFG,5,1,6,2012
54,ALB,6,3,9,2012
54,ALG,21,17,38,2012
54,AND,4,2,6,2012
54,ANG,4,29,33,2012
54,ANT,2,2,4,2012
54,ARG,97,40,137,2012
54,ARM,20,4,24,2012
54,ARU,3,1,4,2012
54,ASA,3,1,4,2012
54,AUS,221,184,405,2012
54,AUT,39,31,70,2012
54,AZE,38,14,52,2012
54,BAH,12,9,21,2012
54,BAN,4,1,5,2012
54,BAR,6,0,6,2012
54,BDI,2,4,6,2012
54,BEL,69,42,111,2012
54,BEN,4,1,5,2012
54,BER,5,3,8,2012
54,BHU,0,2,2,2012
54,BIH,4,2,6,2012
54,BIZ,2,1,3,2012
54,BLR,89,71,160,2012
54,BOL,3,2,5,2012
54,BOT,3,1,4,2012
54,BRA,131,117,248,2012
54,BRN,4,8,12,2012
54,BRU,2,1,3,2012
54,BUL,37,26,63,2012
54,BUR,2,3,5,2012
54,CAF,3,3,6,2012
54,CAM,3,3,6,2012
54,CAN,119,154,273,2012
54,CAY,4,0,4,2012
54,CGO,4,3,7,2012
54,CHA,0,2,2,2012
54,CHI,21,14,35,2012
54,CHN,160,216,376,2012
54,CIV,4,5,9,2012
54,CMR,10,22,32,2012
54,COD,3,1,4,2012
54,COK,3,5,8,2012
54,COL,45,56,101,2012
54,COM,1,2,3,2012
54,CPV,1,2,3,2012
54,CRC,8,3,11,2012
54,CRO,64,43,107,2012
54,CUB,65,44,109,2012
54,CYP,9,4,13,2012
54,CZE,68,65,133,2012
54,DEN,66,48,114,2012
54,DJI,2,2,4,2012
54,DMA,1,1,2,2012
54,DOM,13,20,33,2012
54,ECU,23,13,36,2012
54,EGY,75,34,109,2012
54,ERI,11,1,12,2012
54,ESA,5,5,10,2012
54,ESP,168,110,278,2012
54,EST,23,9,32,2012
54,ETH,18,15,33,2012
54,FIJ,6,3,9,2012
54,FIN,29,27,56,2012
54,FRA,182,142,324,2012
54,FSM,4,2,6,2012
54,GAB,19,2,21,2012
54,GAM,1,1,2,2012
54,GBR,273,257,530,2012
54,GBS,2,2,4,2012
54,GEO,28,6,34,2012
54,GEQ,1,1,2,2012
54,GER,212,171,383,2012
54,GHA,5,2,7,2012
54,GRE,65,37,102,2012
54,GRN,5,3,8,2012
54,GUA,12,7,19,2012
54,GUI,2,2,4,2012
54,GUM,5,3,8,2012
54,GUY,4,2,6,2012
54,HAI,3,2,5,2012
54,HKG,21,20,41,2012
54,HON,22,3,25,2012
54,HUN,93,59,152,2012
54,INA,13,9,22,2012
54,IND,58,23,81,2012
54,IOA,3,1,4,2012
54,IRI,44,8,52,2012
54,IRL,36,28,64,2012
54,IRQ,5,3,8,2012
54,ISL,21,6,27,2012
54,ISR,19,18,37,2012
54,ISV,4,3,7,2012
54,ITA,158,123,281,2012
54,IVB,1,1,2,2012
54,JAM,23,22,45,2012
54,JOR,5,4,9,2012
54,JPN,136,155,291,2012
54,KAZ,73,40,113,2012
54,KEN,27,20,47,2012
54,KGZ,11,3,14,2012
54,KIR,2,1,3,2012
54,KOR,135,115,250,2012
54,KSA,16,2,18,2012
54,KUW,8,2,10,2012
54,LAO,2,1,3,2012
54,LAT,31,14,45,2012
54,LBA,3,1,4,2012
54,LBN,3,7,10,2012
54,LBR,1,2,3,2012
54,LCA,1,3,4,2012
54,LES,2,2,4,2012
54,LIE,1,2,3,2012
54,LTU,39,23,62,2012
54,LUX,5,4,9,2012
54,MAD,3,4,7,2012
54,MAR,46,17,63,2012
54,MAS,16,13,29,2012
54,MAW,1,2,3,2012
54,MDA,12,8,20,2012
54,MDV,3,2,5,2012
54,MEX,62,37,99,2012
54,MGL,16,13,29,2012
54,MHL,2,2,4,2012
54,MKD,2,2,4,2012
54,MLI,4,2,6,2012
54,MLT,3,2,5,2012
54,MNE,18,15,33,2012
54,MON,5,1,6,2012
54,MOZ,4,2,6,2012
54,MRI,4,7,11,2012
54,MTN,1,1,2,2012
54,MYA,3,3,6,2012
54,NAM,5,4,9,2012
54,NCA,3,3,6,2012
54,NED,94,79,173,2012
54,NEP,2,3,5,2012
54,NGR,30,19,49,2012
54,NIG,4,2,6,2012
54,NOR,33,28,61,2012
54,NRU,2,0,2,2012
54,NZL,96,82,178,2012
54,OMA,2,1,3,2012
54,PAK,19,2,21,2012
54,PAN,6,2,8,2012
54,PAR,4,4,8,2012
54,PER,9,7,16,2012
54,PHI,7,4,11,2012
54,PLE,3,2,5,2012
54,PLW,2,3,5,2012
54,PNG,4,4,8,2012
54,POL,124,86,210,2012
54,POR,44,32,76,2012
54,PRK,15,37,52,2012
54,PUR,19,6,25,2012
54,QAT,8,4,12,2012
54,ROU,55,50,105,2012
54,RSA,68,56,124,2012
54,RUS,203,226,429,2012
54,RWA,5,2,7,2012
54,SAM,5,3,8,2012
54,SEN,24,7,31,2012
54,SEY,4,2,6,2012
54,SGP,8,15,23,2012
54,SKN,4,0,4,2012
54,SLE,1,1,2,2012
54,SLO,28,37,65,2012
54,SMR,1,3,4,2012
54,SOL,2,2,4,2012
54,SOM,1,1,2,2012
54,SRB,80,36,116,2012
54,SRI,4,3,7,2012
54,STP,1,1,2,2012
54,SUD,4,2,6,2012
54,SUI,70,28,98,2012
54,SUR,3,2,5,2012
54,SVK,26,21,47,2012
54,SWE,55,78,133,2012
54,SWZ,2,1,3,2012
54,SYR,6,4,10,2012
54,TAN,4,2,6,2012
54,TGA,2,1,3,2012
54,THA,19,18,37,2012
54,TJK,13,3,16,2012
54,TKM,7,3,10,2012
54,TLS,1,1,2,2012
54,TOG,4,2,6,2012
54,TPE,19,25,44,2012
54,TTO,18,7,25,2012
54,TUN,63,20,83,2012
54,TUR,48,64,112,2012
54,TUV,2,1,3,2012
54,UAE,24,2,26,2012
54,UGA,11,4,15,2012
54,UKR,119,111,230,2012
54,URU,24,3,27,2012
54,USA,262,268,530,2012
54,UZB,36,17,53,2012
54,VAN,3,2,5,2012
54,VEN,42,26,68,2012
54,VIE,6,12,18,2012
54,VIN,2,1,3,2012
54,YEM,3,1,4,2012
54,ZAM,5,2,7,2012
54,ZIM,4,3,7,2012
59,AFG,2,1,3,2016
59,ALB,3,3,6,2016
59,ALG,54,10,64,2016
59,AND,2,2,4,2016
59,ANG,8,18,26,2016
59,ANT,6,2,8,2016
59,ARG,140,75,215,2016
59,ARM,24,7,31,2016
59,ARU,3,4,7,2016
59,ASA,3,1,4,2016
59,AUS,208,212,420,2016
59,AUT,37,34,71,2016
59,AZE,42,14,56,2016
59,BAH,17,12,29,2016
59,BAN,4,3,7,2016
59,BAR,7,4,11,2016
59,BDI,5,4,9,2016
59,BEL,70,34,104,2016
59,BEN,4,2,6,2016
59,BER,4,4,8,2016
59,BHU,0,2,2,2016
59,BIH,7,4,11,2016
59,BIZ,2,1,3,2016
59,BLR,53,67,120,2016
59,BOL,6,6,12,2016
59,BOT,9,3,12,2016
59,BRA,255,207,462,2016
59,BRN,20,13,33,2016
59,BRU,2,1,3,2016
59,BUL,29,21,50,2016
59,BUR,3,2,5,2016
59,CAF,3,3,6,2016
59,CAM,2,4,6,2016
59,CAN,127,183,310,2016
59,CAY,3,2,5,2016
59,CGO,7,3,10,2016
59,CHA,1,1,2,2016
59,CHI,25,17,42,2016
59,CHN,151,241,392,2016
59,CIV,5,7,12,2016
59,CMR,5,17,22,2016
59,COD,2,2,4,2016
59,COK,4,5,9,2016
59,COL,73,70,143,2016
59,COM,2,2,4,2016
59,CPV,2,3,5,2016
59,CRC,6,5,11,2016
59,CRO,66,19,85,2016
59,CUB,83,34,117,2016
59,CYP,9,6,15,2016
59,CZE,62,42,104,2016
59,DEN,78,41,119,2016
59,DJI,6,1,7,2016
59,DMA,1,1,2,2016
59,DOM,18,8,26,2016
59,ECU,22,15,37,2016
59,EGY,84,37,121,2016
59,EOR,6,4,10,2016
59,ERI,11,1,12,2016
59,ESA,5,3,8,2016
59,ESP,164,143,307,2016
59,EST,28,18,46,2016
59,ETH,17,20,37,2016
59,FIJ,36,17,53,2016
59,FIN,26,28,54,2016
59,FRA,225,167,392,2016
59,FSM,2,3,5,2016
59,GAB,4,2,6,2016
59,GAM,3,1,4,2016
59,GBR,201,159,360,2016
59,GBS,3,2,5,2016
59,GEO,30,10,40,2016
59,GEQ,1,0,1,2016
59,GER,224,194,418,2016
59,GHA,7,6,13,2016
59,GRE,56,36,92,2016
59,GRN,5,2,7,2016
59,GUA,15,6,21,2016
59,GUI,2,3,5,2016
59,GUM,3,2,5,2016
59,GUY,3,3,6,2016
59,HAI,7,3,10,2016
59,HKG,15,22,37,2016
59,HON,22,1,23,2016
59,HUN,88,66,154,2016
59,INA,17,11,28,2016
59,IND,61,51,112,2016
59,IOA,8,1,9,2016
59,IRI,54,9,63,2016
59,IRL,50,26,76,2016
59,IRQ,20,0,20,2016
59,ISL,3,5,8,2016
59,ISR,22,25,47,2016
59,ISV,5,2,7,2016
59,ITA,168,141,309,2016
59,IVB,1,3,4,2016
59,JAM,25,31,56,2016
59,JOR,7,1,8,2016
59,JPN,171,164,335,2016
59,KAZ,55,46,101,2016
59,KEN,46,33,79,2016
59,KGZ,12,7,19,2016
59,KIR,2,1,3,2016
59,KOR,103,104,207,2016
59,KOS,3,5,8,2016
59,KSA,7,3,10,2016
59,LAO,4,2,6,2016
59,LAT,19,13,32,2016
59,LBA,6,1,7,2016
59,LBN,4,5,9,2016
59,LBR,1,1,2,2016
59,LCA,2,3,5,2016
59,LES,7,1,8,2016
59,LIE,1,2,3,2016
59,LTU,48,19,67,2016
59,LUX,5,5,10,2016
59,MAD,2,4,6,2016
59,MAR,29,19,48,2016
59,MAS,17,15,32,2016
59,MAW,3,2,5,2016
59,MDA,14,9,23,2016
59,MDV,2,2,4,2016
59,MEX,79,44,123,2016
59,MGL,26,17,43,2016
59,MHL,2,3,5,2016
59,MKD,2,4,6,2016
59,MLI,4,2,6,2016
59,MLT,4,3,7,2016
59,MNE,17,18,35,2016
59,MON,3,0,3,2016
59,MOZ,5,1,6,2016
59,MRI,5,6,11,2016
59,MTN,1,1,2,2016
59,MYA,4,3,7,2016
59,NAM,4,6,10,2016
59,NCA,3,2,5,2016
59,NED,105,132,237,2016
59,NEP,3,4,7,2016
59,NGR,47,24,71,2016
59,NIG,4,2,6,2016
59,NOR,29,33,62,2016
59,NRU,2,0,2,2016
59,NZL,98,97,195,2016
59,OMA,2,2,4,2016
59,PAK,4,3,7,2016
59,PAN,4,6,10,2016
59,PAR,6,5,11,2016
59,PER,17,12,29,2016
59,PHI,7,6,13,2016
59,PLE,4,2,6,2016
59,PLW,3,2,5,2016
59,PNG,6,2,8,2016
59,POL,139,95,234,2016
59,POR,61,29,90,2016
59,PRK,11,20,31,2016
59,PUR,13,27,40,2016
59,QAT,35,2,37,2016
59,ROU,34,61,95,2016
59,RSA,93,42,135,2016
59,RUS,142,142,284,2016
59,RWA,4,3,7,2016
59,SAM,5,3,8,2016
59,SEN,6,16,22,2016
59,SEY,8,2,10,2016
59,SGP,9,16,25,2016
59,SKN,5,1,6,2016
59,SLE,2,2,4,2016
59,SLO,39,24,63,2016
59,SMR,2,2,4,2016
59,SOL,1,2,3,2016
59,SOM,1,1,2,2016
59,SRB,58,45,103,2016
59,SRI,7,2,9,2016
59,SSD,2,1,3,2016
59,STP,2,1,3,2016
59,SUD,4,2,6,2016
59,SUI,57,45,102,2016
59,SUR,4,2,6,2016
59,SVK,32,19,51,2016
59,SWE,64,86,150,2016
59,SWZ,1,1,2,2016
59,SYR,4,3,7,2016
59,TAN,5,2,7,2016
59,TGA,4,3,7,2016
59,THA,26,28,54,2016
59,TJK,5,2,7,2016
59,TKM,4,5,9,2016
59,TLS,1,2,3,2016
59,TOG,2,3,5,2016
59,TPE,26,29,55,2016
59,TTO,18,10,28,2016
59,TUN,41,20,61,2016
59,TUR,53,47,100,2016
59,TUV,1,0,1,2016
59,UAE,9,3,12,2016
59,UGA,14,7,21,2016
59,UKR,87,117,204,2016
59,URU,12,5,17,2016
59,USA,264,291,555,2016
59,UZB,47,23,70,2016
59,VAN,4,0,4,2016
59,VEN,61,24,85,2016
59,VIE,10,12,22,2016
59,VIN,2,2,4,2016
59,YEM,2,1,3,2016
59,ZAM,5,2,7,2016
59,ZIM,9,21,30,2016
61,AFG,4,1,5,2020
61,ALB,6,3,9,2020
61,ALG,25,13,38,2020
61,AND,1,1,2,2020
61,ANG,4,16,20,2020
61,ANT,3,3,6,2020
61,ARG,127,58,185,2020
61,ARM,14,3,17,2020
61,ARU,2,1,3,2020
61,ASA,5,1,6,2020
61,AUS,222,257,479,2020
61,AUT,36,37,73,2020
61,AZE,28,16,44,2020
61,BAH,6,9,15,2020
61,BAN,4,2,6,2020
61,BAR,4,4,8,2020
61,BDI,3,3,6,2020
61,BEL,69,54,123,2020
61,BEN,4,3,7,2020
61,BER,1,1,2,2020
61,BHU,2,2,4,2020
61,BIH,4,3,7,2020
61,BIZ,2,1,3,2020
61,BLR,45,58,103,2020
61,BOL,3,2,5,2020
61,BOT,8,5,13,2020
61,BRA,164,146,310,2020
61,BRN,25,7,32,2020
61,BRU,2,0,2,2020
61,BUL,14,28,42,2020
61,BUR,5,2,7,2020
61,CAF,1,1,2,2020
61,CAM,2,1,3,2020
61,CAN,148,230,378,2020
61,CAY,2,3,5,2020
61,CGO,1,2,3,2020
61,CHA,1,2,3,2020
61,CHI,20,31,51,2020
61,CHN,125,285,410,2020
61,CIV,20,6,26,2020
61,CMR,5,7,12,2020
61,COD,3,3,6,2020
61,COK,3,3,6,2020
61,COL,45,22,67,2020
61,COM,2,1,3,2020
61,CPV,3,3,6,2020
61,CRC,5,8,13,2020
61,CRO,40,20,60,2020
61,CUB,35,32,67,2020
61,CYP,9,6,15,2020
61,CZE,70,39,109,2020
61,DEN,55,49,104,2020
61,DJI,3,1,4,2020
61,DMA,1,1,2,2020
61,DOM,42,23,65,2020
61,ECU,17,29,46,2020
61,EGY,89,48,137,2020
61,EOR,19,10,29,2020
61,ERI,8,5,13,2020
61,ESA,3,2,5,2020
61,ESP,190,138,328,2020
61,EST,19,14,33,2020
61,ETH,17,19,36,2020
61,FIJ,16,16,32,2020
61,FIN,22,23,45,2020
61,FRA,212,168,380,2020
61,FSM,2,1,3,2020
61,GAB,3,2,5,2020
61,GAM,3,1,4,2020
61,GBR,178,197,375,2020
61,GBS,3,1,4,2020
61,GEO,28,5,33,2020
61,GEQ,2,1,3,2020
61,GER,234,158,392,2020
61,GHA,10,2,12,2020
61,GRE,45,30,75,2020
61,GRN,4,2,6,2020
61,GUA,14,10,24,2020
61,GUI,2,2,4,2020
61,GUM,2,3,5,2020
61,GUY,3,4,7,2020
61,HAI,2,4,6,2020
61,HKG,17,26,43,2020
61,HON,21,2,23,2020
61,HUN,81,91,172,2020
61,INA,16,12,28,2020
61,IND,67,53,120,2020
61,IRI,55,10,65,2020
61,IRL,63,57,120,2020
61,IRQ,2,1,3,2020
61,ISL,3,1,4,2020
61,ISR,55,34,89,2020
61,ISV,3,1,4,2020
61,ITA,188,178,366,2020
61,IVB,1,2,3,2020
61,JAM,24,30,54,2020
61,JOR,10,4,14,2020
61,JPN,314,286,600,2020
61,KAZ,64,33,97,2020
61,KEN,36,49,85,2020
61,KGZ,11,5,16,2020
61,KIR,2,1,3,2020
61,KOR,130,105,235,2020
61,KOS,5,6,11,2020
61,KSA,29,2,31,2020
61,KUW,8,2,10,2020
61,LAO,2,2,4,2020
61,LAT,19,13,32,2020
61,LBA,3,1,4,2020
61,LBN,3,3,6,2020
61,LBR,2,1,3,2020
61,LCA,2,3,5,2020
61,LES,1,1,2,2020
61,LIE,2,3,5,2020
61,LTU,26,16,42,2020
61,LUX,8,4,12,2020
61,MAD,4,2,6,2020
61,MAR,30,14,44,2020
61,MAS,12,18,30,2020
61,MAW,2,3,5,2020
61,MDA,9,11,20,2020
61,MDV,2,2,4,2020
61,MEX,95,65,160,2020
61,MGL,18,25,43,2020
61,MHL,1,1,2,2020
61,MKD,5,3,8,2020
61,MLI,3,1,4,2020
61,MLT,2,4,6,2020
61,MNE,16,18,34,2020
61,MON,3,3,6,2020
61,MOZ,4,6,10,2020
61,MRI,6,2,8,2020
61,MTN,1,1,2,2020
61,MYA,1,1,2,2020
61,NAM,5,6,11,2020
61,NCA,4,4,8,2020
61,NED,112,155,267,2020
61,NEP,1,4,5,2020
61,NGR,24,29,53,2020
61,NIG,4,3,7,2020
61,NOR,59,34,93,2020
61,NRU,1,1,2,2020
61,NZL,113,102,215,2020
61,OMA,4,1,5,2020
61,PAK,7,3,10,2020
61,PAN,4,6,10,2020
61,PAR,3,5,8,2020
61,PER,19,16,35,2020
61,PHI,9,10,19,2020
61,PLE,3,2,5,2020
61,PLW,2,1,3,2020
61,PNG,4,4,8,2020
61,POL,108,98,206,2020
61,POR,56,36,92,2020
61,PUR,13,24,37,2020
61,QAT,13,2,15,2020
61,ROC,147,187,334,2020
61,ROU,57,45,102,2020
61,RSA,115,62,177,2020
61,RWA,3,2,5,2020
61,SAM,7,1,8,2020
61,SEN,6,3,9,2020
61,SEY,4,1,5,2020
61,SGP,6,17,23,2020
61,SKN,1,1,2,2020
61,SLE,1,2,3,2020
61,SLO,28,25,53,2020
61,SMR,3,2,5,2020
61,SOL,1,2,3,2020
61,SOM,1,1,2,2020
61,SRB,43,44,87,2020
61,SRI,4,5,9,2020
61,SSD,1,1,2,2020
61,STP,2,1,3,2020
61,SUD,2,2,4,2020
61,SUI,59,54,113,2020
61,SUR,2,0,2,2020
61,SVK,27,14,41,2020
61,SWE,55,78,133,2020
61,SWZ,3,1,4,2020
61,SYR,5,1,6,2020
61,TAN,2,1,3,2020
61,TGA,3,3,6,2020
61,THA,15,26,41,2020
61,TJK,9,1,10,2020
61,TKM,5,4,9,2020
61,TLS,2,1,3,2020
61,TOG,3,1,4,2020
61,TPE,33,35,68,2020
61,TTO,15,10,25,2020
61,TUN,34,29,63,2020
61,TUR,56,49,105,2020
61,TUV,1,1,2,2020
61,UAE,5,0,5,2020
61,UGA,12,13,25,2020
61,UKR,64,85,149,2020
61,URU,6,5,11,2020
61,USA,285,336,621,2020
61,UZB,37,30,67,2020
61,VAN,3,0,3,2020
61,VEN,30,13,43,2020
61,VIE,8,10,18,2020
61,VIN,1,2,3,2020
61,YEM,3,2,5,2020
61,ZAM,6,21,27,2020
61,ZIM,4,1,5,2020